O_score,C_score,E_score,A_score,N_score,Numerical Aptitude,Spatial Aptitude,Perceptual Aptitude,Abstract Reasoning,Verbal Reasoning,Career
5.45,8.67,3.45,5.34,4.23,7.06,4.4,3.84,4.84,7.01,Accountant
5.44,8.68,3.44,5.35,4.22,7.07,4.39,3.85,4.83,7.02,Accountant
5.46,8.66,3.46,5.33,4.24,7.05,4.41,3.83,4.85,7,Accountant
5.44,8.66,3.44,5.33,4.22,7.05,4.39,3.83,4.83,7,Accountant
5.46,8.68,3.46,5.35,4.24,7.07,4.41,3.85,4.85,7.02,Accountant
5.45,8.67,3.45,5.34,4.23,5.1,3.42,2.2,5.33,3.79,Accountant
5.44,8.68,3.44,5.35,4.22,5.11,3.41,2.21,5.32,3.8,Accountant
5.46,8.66,3.46,5.33,4.24,5.09,3.43,2.19,5.34,3.78,Accountant
5.44,8.66,3.44,5.33,4.22,5.09,3.41,2.19,5.32,3.78,Accountant
5.46,8.68,3.46,5.35,4.24,5.11,3.43,2.21,5.34,3.8,Accountant
6.46,9.68,4.46,6.35,5.24,5.81,4.12,2.3,6.13,4.5,Accountant
6.47,9.67,4.47,6.34,5.25,5.8,4.13,2.29,6.14,4.49,Accountant
6.45,9.69,4.45,6.36,5.23,5.82,4.11,2.31,6.12,4.51,Accountant
6.47,9.69,4.47,6.36,5.25,5.82,4.13,2.31,6.14,4.51,Accountant
6.45,9.67,4.45,6.34,5.23,5.8,4.11,2.29,6.12,4.49,Accountant
7.45,8.67,5.23,7.67,6.01,8.06,6.45,5.62,6.73,8.17,Administrative Officer
7.65,8.87,5.43,7.87,6.21,8.26,6.65,5.82,6.93,8.37,Administrative Officer
7.45,8.67,5.23,7.67,6.01,5.7,4.77,1.67,6.33,5.26,Administrative Officer
7.65,8.87,5.43,7.87,6.21,5.84,4.91,1.69,6.49,5.4,Administrative Officer
8.46,9.68,6.24,8.68,7.02,6.41,5.48,1.77,7.13,5.97,Administrative Officer
8.66,9.88,6.44,8.88,7.22,6.55,5.62,1.79,7.29,6.11,Administrative Officer
7.67,6.12,8.78,7.45,6.45,6.9,8.12,7.62,7.06,6.79,Advertising Executive
7.87,6.32,8.98,7.65,6.65,7.1,8.32,7.82,7.26,6.99,Advertising Executive
7.67,6.12,8.78,7.45,6.45,4.75,5.59,0.51,5.67,5.33,Advertising Executive
7.87,6.32,8.98,7.65,6.65,4.89,5.73,0.53,5.83,5.47,Advertising Executive
8.68,7.13,9.79,8.46,7.46,5.46,6.3,0.61,6.48,6.03,Advertising Executive
8.88,7.33,5.45,8.66,7.66,5.6,5.53,0.63,6.64,6.17,Advertising Executive
7.23,7.67,4.23,5.45,4.89,7.45,4.84,4.56,6.06,6.56,Aerospace Engineer
7.43,7.87,4.43,5.65,5.09,7.65,5.04,4.76,6.26,6.76,Aerospace Engineer
7.23,7.67,4.23,5.45,4.89,5.24,4.46,1.6,5.92,4.71,Aerospace Engineer
7.43,7.87,4.43,5.65,5.09,5.38,4.6,1.62,6.08,4.85,Aerospace Engineer
8.24,8.68,5.24,6.46,5.9,5.94,5.17,1.7,6.72,5.41,Aerospace Engineer
8.44,8.88,5.44,6.66,6.1,6.08,5.31,1.72,6.88,5.55,Aerospace Engineer
5.12,8.89,4.34,5.45,4.78,7.01,4.9,4.56,4.95,7.17,Air Traffic Controller
5.12,9.23,4.34,5.45,2.67,7.18,4.9,3.51,3.9,7.34,Air Traffic Controller
4.92,9.03,4.14,5.25,2.47,6.98,4.7,3.31,3.7,7.14,Air Traffic Controller
5.12,8.89,4.34,5.45,4.78,5.09,3.43,2.12,5.23,3.65,Air Traffic Controller
5.12,9.23,4.34,5.45,2.67,5.23,3.43,2.89,5.33,3.65,Air Traffic Controller
4.92,9.03,4.14,5.25,2.47,5.09,3.29,2.87,5.17,3.51,Air Traffic Controller
6.13,9.9,5.35,6.46,5.79,5.8,4.14,2.22,6.04,4.36,Air Traffic Controller
6.13,5.6,5.35,6.46,3.68,4.08,4.14,1.14,4.75,4.36,Air Traffic Controller
5.93,10.04,5.15,6.26,3.48,5.8,4,2.97,5.98,4.22,Air Traffic Controller
4.34,8.89,4.78,6.45,5.45,6.62,5.62,5.12,4.9,7.67,Airline Pilot
4.34,8.89,4.78,6.45,2.33,6.62,5.62,3.56,3.34,7.67,Airline Pilot
4.14,8.69,4.58,6.25,2.13,6.42,5.42,3.36,3.14,7.47,Airline Pilot
4.34,8.89,4.78,6.45,5.45,4.86,3.13,1.92,4.84,3.46,Airline Pilot
4.34,8.89,4.78,6.45,2.33,4.86,3.13,2.86,4.84,3.46,Airline Pilot
4.14,8.69,4.58,6.25,2.13,4.72,2.99,2.84,4.68,3.32,Airline Pilot
5.35,9.9,5.79,7.46,6.46,5.57,3.83,2.02,5.65,4.17,Airline Pilot
5.35,9.9,5.79,7.46,3.34,5.57,3.83,2.96,5.65,4.17,Airline Pilot
5.15,9.7,5.59,7.26,3.14,5.43,3.69,2.94,5.49,4.03,Airline Pilot
8.45,7.01,5.34,5.45,4.56,7.73,5.4,4.95,6.51,6.23,Architect
8.45,7.01,5.34,5.45,4.56,5.34,5.29,1.44,6.33,5.32,Architect
9.46,8.02,6.35,6.46,5.57,6.05,6,1.54,7.14,6.02,Architect
9.47,8.01,6.36,6.45,5.58,6.04,6.01,1.53,7.15,6.01,Architect
9.45,8.03,6.34,6.47,5.56,6.06,5.99,1.55,7.13,6.03,Architect
9.47,8.03,6.36,6.47,5.58,6.06,6.01,1.55,7.15,6.03,Architect
9.45,8.01,6.34,6.45,5.56,6.04,5.99,1.53,7.13,6.01,Architect
9.34,3.56,7.23,6.78,5.45,6.45,7.01,6.34,7.4,5.17,Artist
9.33,3.55,7.22,6.77,5.44,6.44,7,6.33,7.39,5.16,Artist
9.35,3.57,7.24,6.79,5.46,6.46,7.02,6.35,7.41,5.18,Artist
9.33,3.57,7.22,6.79,5.44,6.46,7,6.35,7.39,5.18,Artist
9.35,3.54,7.24,6.77,5.46,6.44,7.02,6.33,7.41,5.16,Artist
9.34,3.56,7.23,6.78,5.45,4.23,6.12,0.21,5.74,6.03,Artist
9.35,3.57,7.24,6.79,5.46,4.24,6.13,0.23,5.75,6.04,Artist
9.33,3.55,7.22,6.77,5.44,4.22,6.11,0.22,5.73,6.02,Artist
9.33,3.57,7.22,6.79,5.44,4.24,6.11,0.23,5.73,6.04,Artist
9.35,3.55,7.24,6.77,5.46,4.22,6.13,0.22,5.75,6.02,Artist
8.1,4.57,8.24,7.79,6.46,4.26,5.7,0.11,5.42,5.61,Artist
8.09,4.58,8.23,7.8,6.45,4.27,5.69,0.12,5.41,5.62,Artist
8.11,4.56,8.25,7.78,6.47,4.25,5.71,0.1,5.43,5.62,Artist
8.11,4.58,8.25,7.8,6.47,4.27,5.71,0.12,5.43,5.62,Artist
8.09,4.56,8.23,7.78,6.45,4.25,5.69,0.1,5.41,5.62,Artist
9.45,8.01,4.67,5.56,4.01,8.73,5.12,4.34,6.73,6.79,Astronomer
9.46,8,4.68,5.55,4.02,8.72,5.13,4.33,6.74,6.78,Astronomer
9.44,8.02,4.66,5.57,4,8.74,5.11,4.35,6.72,6.8,Astronomer
9.46,8.02,4.68,5.57,4.02,8.74,5.13,4.35,6.74,6.8,Astronomer
9.44,8,4.66,5.55,4,8.72,5.11,4.33,6.72,6.78,Astronomer
9.45,8.01,4.67,5.56,4.01,6.04,5.66,2,7.13,5.84,Astronomer
9.46,8,4.68,5.55,4.02,6.03,5.67,1.99,7.14,5.83,Astronomer
9.44,8.02,4.66,5.57,4,6.05,5.65,2.01,7.12,5.85,Astronomer
9.46,8.02,4.68,5.57,4.02,6.05,5.67,2.01,7.14,5.85,Astronomer
9.44,8,4.66,5.55,4,6.03,5.65,1.99,7.12,5.83,Astronomer
8.23,9.02,5.68,6.57,5.02,6.08,5.25,2.1,6.82,5.43,Astronomer
8.24,9.01,5.69,6.56,5.03,6.07,5.26,2.09,6.83,5.42,Astronomer
8.22,9.03,5.67,6.58,5.01,6.09,5.24,2.11,6.81,5.44,Astronomer
8.24,9.03,5.69,6.58,5.03,6.09,5.26,2.11,6.83,5.44,Astronomer
8.22,9.01,5.67,6.56,5.01,6.07,5.24,2.09,6.81,5.42,Astronomer
5.12,9.23,4.34,5.45,2.67,7.18,4.9,3.51,3.9,7.34,Aviation Safety Inspector
5.12,9.23,4.34,5.45,2.67,5.23,3.43,2.89,5.33,3.65,Aviation Safety Inspector
6.13,10.24,5.35,6.46,3.68,5.94,4.14,2.99,6.14,4.36,Aviation Safety Inspector
6.14,10.23,5.36,6.45,3.69,5.93,4.15,2.98,6.15,4.35,Aviation Safety Inspector
6.12,10.25,5.34,6.47,3.67,5.95,4.13,3,6.13,4.37,Aviation Safety Inspector
6.14,10.25,5.36,6.47,3.69,5.95,4.15,3,6.15,4.37,Aviation Safety Inspector
6.12,10.23,5.34,6.45,3.67,5.93,4.13,2.98,6.13,4.35,Aviation Safety Inspector
7.01,7.78,5.23,9.12,6.01,7.4,7.18,5.62,6.51,8.45,Behaviour Therapist
6.01,7.78,5.23,9.34,6.45,6.9,7.29,5.84,6.23,8.56,Behaviour Therapist
7.01,7.78,5.23,9.12,6.01,5.22,4.55,1.31,5.84,5.33,Behaviour Therapist
6.01,7.78,5.23,9.34,6.45,4.92,4.05,1.18,5.34,4.87,Behaviour Therapist
8.02,8.79,6.24,10.13,7.02,5.92,5.26,1.41,6.65,6.04,Behaviour Therapist
7.02,8.79,6.24,9.12,7.46,5.62,4.76,1.28,6.15,5.33,Behaviour Therapist
8.78,7.67,3.67,6.45,5.34,8.23,5.06,4.51,7.06,7.06,Biologist
8.78,7.67,3.67,6.45,5.34,5.7,5.12,1.47,6.69,5.68,Biologist
9.79,8.68,4.68,7.46,6.35,6.41,5.83,1.57,7.5,6.39,Biologist
9.78,8.69,4.67,7.47,6.34,6.42,5.82,1.58,7.49,6.4,Biologist
9.8,8.67,4.69,7.45,6.36,6.4,5.84,1.56,7.51,6.38,Biologist
9.8,8.69,4.69,7.47,6.36,6.42,5.84,1.58,7.51,6.4,Biologist
9.78,8.67,4.67,7.45,6.34,6.4,5.82,1.56,7.49,6.38,Biologist
7.89,7.67,4.01,5.23,4.56,7.78,4.62,4.29,6.23,6.45,Biomedical Engineer
7.89,7.67,4.01,5.23,4.56,5.44,4.75,1.7,6.25,4.99,Biomedical Engineer
8.9,8.68,5.02,6.24,5.57,6.14,5.45,1.8,7.05,5.7,Biomedical Engineer
8.91,8.67,5.03,6.23,5.58,6.13,5.46,1.79,7.06,5.6,Biomedical Engineer
8.89,8.69,5.01,6.25,5.56,6.15,5.44,1.81,7.04,5.8,Biomedical Engineer
8.91,8.69,5.03,6.25,5.58,6.15,5.46,1.81,7.06,5.8,Biomedical Engineer
8.89,8.67,5.01,6.23,5.56,6.13,5.44,1.79,7.04,5.6,Biomedical Engineer
9.23,7.67,4.23,5.12,4.67,8.45,4.68,4.45,6.95,6.4,Biomedical Researcher
9.43,7.87,4.43,5.32,4.87,8.65,4.88,4.65,7.15,6.6,Biomedical Researcher
9.23,7.67,4.23,5.12,4.67,5.84,5.46,1.67,6.92,5.64,Biomedical Researcher
9.43,7.87,4.43,5.32,4.87,5.98,5.6,1.69,7.08,5.78,Biomedical Researcher
9.1,8.68,5.24,6.13,5.68,6.2,5.6,1.77,7.15,5.78,Biomedical Researcher
8.34,8.88,5.44,6.33,5.88,6.05,5.26,1.79,6.83,5.44,Biomedical Researcher
8.78,7.67,4.01,5.23,4.56,8.23,4.62,4.29,6.67,6.45,Biotechnologist
8.77,7.68,4,5.24,4.55,8.24,4.61,4.3,6.66,6.46,Biotechnologist
8.79,7.66,4.02,5.22,4.57,8.22,4.63,4.28,6.68,6.44,Biotechnologist
8.79,7.68,4.02,5.24,4.57,8.24,4.63,4.3,6.68,6.46,Biotechnologist
8.77,7.66,4,5.22,4.55,8.22,4.61,4.28,6.66,6.44,Biotechnologist
8.78,7.67,4.01,5.23,4.56,5.7,5.19,1.7,6.69,5.44,Biotechnologist
8.77,7.68,4,5.24,4.55,5.71,5.18,1.71,6.68,5.45,Biotechnologist
8.79,7.66,4.02,5.22,4.57,5.69,5.2,1.69,6.68,5.45,Biotechnologist
8.79,7.68,4.02,5.24,4.57,5.71,5.2,1.71,6.7,5.45,Biotechnologist
8.77,7.66,4,5.22,4.55,5.69,5.18,1.69,6.68,5.43,Biotechnologist
9.79,8.68,5.02,6.24,5.57,6.41,5.9,1.8,7.5,6.14,Biotechnologist
9.78,8.69,5.01,6.25,5.56,6.42,5.89,1.81,7.49,6.15,Biotechnologist
9.8,8.67,5.03,6.23,5.58,6.4,5.91,1.79,7.51,6.13,Biotechnologist
9.8,8.69,5.03,6.25,5.58,6.42,5.91,1.81,7.51,6.15,Biotechnologist
9.78,8.67,5.01,6.23,5.56,6.4,5.89,1.79,7.49,6.13,Biotechnologist
6.78,6.45,8.45,7.67,4.56,6.62,8.06,6.51,5.67,7.06,Chef
6.77,6.46,8.44,7.68,4.55,6.63,8.05,6.52,5.66,7.07,Chef
6.79,6.44,8.46,7.66,4.57,6.61,8.07,6.5,5.68,7.05,Chef
6.79,6.46,8.46,7.68,4.57,6.63,8.07,6.52,5.68,7.07,Chef
6.77,6.44,8.44,7.66,4.55,6.61,8.05,6.5,5.66,7.05,Chef
6.78,6.45,8.45,7.67,4.56,9.79,8.68,5.02,6.24,5.57,Chef
6.77,6.46,8.44,7.68,4.55,9.78,8.69,5.01,6.25,5.56,Chef
6.79,6.44,8.46,7.66,4.57,9.8,8.67,5.03,6.23,5.58,Chef
6.79,6.46,8.46,7.68,4.57,9.8,8.69,5.03,6.25,5.58,Chef
6.77,6.44,8.44,7.66,4.55,9.78,8.67,5.01,6.23,5.56,Chef
7.79,7.46,9.46,8.68,5.57,5.32,5.79,1.31,6.13,5.63,Chef
7.8,7.45,9.47,8.67,5.58,5.31,5.8,1.3,6.14,5.62,Chef
7.78,7.47,9.45,8.69,5.56,5.33,5.78,1.32,6.12,5.64,Chef
7.8,7.47,9.47,8.69,5.58,5.33,5.8,1.32,6.14,5.64,Chef
7.78,7.45,9.45,8.67,5.56,5.31,5.78,1.3,6.12,5.62,Chef
6.01,7.67,5.23,9.12,6.45,6.84,7.18,5.84,6.23,8.4,Chiropractor
6.21,7.87,5.43,9.32,6.65,7.04,7.38,6.04,6.43,8.6,Chiropractor
6.01,7.67,5.23,9.12,6.45,4.87,4.05,1.13,5.31,4.83,Chiropractor
6.21,7.87,5.43,9.32,6.65,5.01,4.19,1.15,5.47,4.97,Chiropractor
7.02,8.68,6.24,9.12,7.46,5.58,4.76,1.23,6.11,5.33,Chiropractor
7.22,8.88,7.65,8.23,7.66,5.72,5.14,1.25,6.27,5.26,Chiropractor
6.78,8.67,4.23,5.23,4.67,7.73,4.73,4.45,5.73,6.95,Civil Engineer
6.98,8.87,4.43,5.43,4.87,7.93,4.93,4.65,5.93,7.15,Civil Engineer
6.78,8.67,4.23,5.23,4.67,5.5,4.24,2.07,5.99,4.44,Civil Engineer
6.98,8.87,4.43,5.43,4.87,5.64,4.38,2.09,6.15,4.58,Civil Engineer
7.79,9.68,5.24,6.24,5.68,6.21,4.94,2.17,6.8,5.14,Civil Engineer
7.99,9.88,5.44,6.44,5.88,6.35,5.08,2.19,6.96,5.28,Civil Engineer
9.43,7.87,4.43,5.32,4.87,8.65,4.88,4.65,7.15,6.6,Clinical  Researc coordinator
9.44,7.86,4.44,5.31,4.88,8.64,4.89,4.64,7.16,6.59,Clinical  Researc coordinator
9.42,7.88,4.42,5.33,4.86,8.66,4.87,4.66,7.14,6.61,Clinical  Researc coordinator
9.44,7.88,4.44,5.33,4.88,8.66,4.89,4.66,7.16,6.61,Clinical  Researc coordinator
9.42,7.86,4.42,5.31,4.86,8.64,4.87,4.64,7.14,6.59,Clinical  Researc coordinator
9.43,7.87,4.43,5.32,4.87,6.78,6.45,8.45,7.67,4.56,Clinical  Researc coordinator
9.44,7.86,4.44,5.31,4.88,6.77,6.46,8.44,7.68,4.55,Clinical  Researc coordinator
9.42,7.88,4.42,5.33,4.86,6.79,6.44,8.46,7.66,4.57,Clinical  Researc coordinator
9.44,7.88,4.44,5.33,4.88,6.79,6.46,8.46,7.68,4.57,Clinical  Researc coordinator
9.42,7.86,4.42,5.31,4.86,6.77,6.44,8.44,7.66,4.55,Clinical  Researc coordinator
9.34,8.88,5.44,6.33,5.88,6.35,5.76,1.79,7.33,5.94,Clinical  Researc coordinator
4.57,6.77,5.68,3.22,2.9,6.34,5.77,1.78,7.34,5.93,Clinical  Researc coordinator
4.55,6.79,5.66,3.24,2.88,6.36,5.75,1.8,7.32,5.95,Clinical  Researc coordinator
4.57,6.79,5.68,3.24,2.9,6.36,5.77,1.8,7.34,5.95,Clinical  Researc coordinator
4.55,6.77,5.66,3.22,2.88,6.34,5.75,1.78,7.32,5.93,Clinical  Researc coordinator
4.56,6.78,5.67,3.23,2.89,5.67,4.45,4.28,3.73,5.01,Construction Engineer
4.57,6.77,5.68,3.22,2.9,5.66,4.46,4.27,3.74,5,Construction Engineer
4.55,6.79,5.66,3.24,2.88,5.68,4.44,4.29,3.72,5.02,Construction Engineer
4.57,6.79,5.68,3.24,2.9,5.68,4.46,4.29,3.74,5.02,Construction Engineer
4.55,6.77,5.66,3.22,2.88,5.66,4.44,4.27,3.72,5,Construction Engineer
4.56,6.78,5.67,3.23,2.89,9.34,8.88,5.44,6.33,5.88,Construction Engineer
4.57,6.77,5.68,3.22,2.9,4.57,6.77,5.68,3.22,2.9,Construction Engineer
4.55,6.79,5.66,3.24,2.88,4.55,6.79,5.66,3.24,2.88,Construction Engineer
4.57,6.79,5.68,3.24,2.9,4.57,6.79,5.68,3.24,2.9,Construction Engineer
4.55,6.77,5.66,3.22,2.88,4.55,6.77,5.66,3.22,2.88,Construction Engineer
5.57,7.79,6.68,4.24,3.9,4.79,4.12,1.95,5.12,3.63,Construction Engineer
5.58,7.78,6.69,4.23,3.91,4.78,4.13,1.94,5.13,3.62,Construction Engineer
5.56,7.8,6.67,4.25,3.89,4.8,4.11,1.96,5.11,3.64,Construction Engineer
5.58,7.8,6.69,4.25,3.91,4.8,4.13,1.96,5.13,3.64,Construction Engineer
5.56,7.78,6.67,4.23,3.89,4.78,4.11,1.94,5.11,3.62,Construction Engineer
6.87,7.54,8.87,8.09,5.65,7.21,8.48,7.26,6.26,7.82,Corporate Communications Manager
6.88,7.53,8.88,8.08,5.66,7.2,8.49,7.25,6.27,7.81,Corporate Communications Manager
6.86,7.55,8.86,8.1,5.64,7.22,8.47,7.27,6.25,7.83,Corporate Communications Manager
6.88,7.55,8.88,8.1,5.66,7.22,8.49,7.27,6.27,7.83,Corporate Communications Manager
6.86,7.53,8.86,8.08,5.64,7.2,8.47,7.25,6.25,7.81,Corporate Communications Manager
6.87,7.54,8.87,8.09,5.65,5.57,7.79,6.68,4.24,3.9,Corporate Communications Manager
6.88,7.53,8.88,8.08,5.66,5.58,7.78,6.69,4.23,3.91,Corporate Communications Manager
6.86,7.55,8.86,8.1,5.64,5.56,7.8,6.67,4.25,3.89,Corporate Communications Manager
6.88,7.55,8.88,8.1,5.66,5.58,7.8,6.69,4.25,3.91,Corporate Communications Manager
6.86,7.53,8.86,8.08,5.64,5.56,7.78,6.67,4.23,3.89,Corporate Communications Manager
7.88,8.55,9.88,9.1,6.66,5.78,5.92,1.42,6.51,5.76,Corporate Communications Manager
7.89,8.54,9.89,9.09,6.67,5.77,5.93,1.41,6.52,5.75,Corporate Communications Manager
7.87,8.56,9.87,9.11,6.65,5.79,5.91,1.43,6.5,5.77,Corporate Communications Manager
7.89,8.56,9.89,9.11,6.67,5.79,5.93,1.43,6.52,5.77,Corporate Communications Manager
7.87,8.54,9.87,9.09,6.65,5.77,5.91,1.41,6.5,5.75,Corporate Communications Manager
6.01,7.78,5.23,9.34,6.45,6.9,7.29,5.84,6.23,8.56,Counsellor
6.02,7.77,5.24,9.33,6.46,6.89,7.3,5.83,6.24,8.55,Counsellor
6,7.79,5.22,9.35,6.44,6.91,7.28,5.85,6.22,8.57,Counsellor
6.02,7.79,5.24,9.35,6.46,6.91,7.3,5.85,6.24,8.57,Counsellor
6,7.77,5.22,9.33,6.44,6.89,7.28,5.83,6.22,8.55,Counsellor
6.01,7.78,5.23,9.34,6.45,4.92,4.05,1.18,5.34,4.87,Counsellor
6.02,7.77,5.24,9.33,6.46,4.91,4.06,1.17,5.35,4.86,Counsellor
6,7.79,5.22,9.35,6.44,4.93,4.04,1.19,5.33,4.88,Counsellor
6.02,7.79,5.24,9.35,6.46,4.93,4.06,1.19,5.35,4.88,Counsellor
6,7.77,5.22,9.33,6.44,4.91,4.04,1.17,5.33,4.86,Counsellor
7.02,8.79,6.24,8.23,7.46,5.62,4.76,1.28,6.15,5.16,Counsellor
7.03,8.78,6.25,8.22,7.47,5.61,4.77,1.27,6.16,5.15,Counsellor
7.01,8.8,6.23,8.24,7.45,5.63,4.75,1.29,6.14,5.17,Counsellor
7.03,8.8,6.25,8.24,7.47,5.63,4.77,1.29,6.16,5.17,Counsellor
7.01,8.78,6.23,8.22,7.45,5.61,4.75,1.27,6.14,5.15,Counsellor
2.67,8.78,7.67,8.45,6.45,5.73,8.06,7.06,4.56,8.62,Customs and Border Protection Officer
2.87,8.98,7.87,8.65,6.65,5.93,8.26,7.26,4.76,8.82,Customs and Border Protection Officer
2.67,8.78,7.67,8.45,6.45,4.31,2.87,1.58,3.97,3.03,Customs and Border Protection Officer
2.87,8.98,7.87,8.65,6.65,4.45,3.01,1.6,4.13,3.17,Customs and Border Protection Officer
3.68,9.79,8.68,9.46,7.46,5.02,3.58,1.68,4.78,3.73,Customs and Border Protection Officer
3.88,9.99,8.88,9.66,7.66,5.16,3.72,1.7,4.94,3.87,Customs and Border Protection Officer
6.67,8.23,5.12,6.01,4.45,7.45,5.57,4.79,5.56,7.12,Data Analyst
6.68,8.22,5.13,6,4.46,7.69,9.23,6.14,7.01,5.47,Data Analyst
6.66,8.24,5.11,6.02,4.44,7.67,9.25,6.12,7.03,5.45,Data Analyst
6.68,8.24,5.13,6.02,4.46,7.69,9.25,6.14,7.03,5.47,Data Analyst
6.66,8.22,5.11,6,4.44,7.67,9.23,6.12,7.01,5.45,Data Analyst
6.67,8.23,5.12,6.01,4.45,5.29,4.36,1.96,5.8,4.54,Data Analyst
6.68,8.22,5.13,6,4.46,5.28,4.37,1.95,5.81,4.53,Data Analyst
6.66,8.24,5.11,6.02,4.44,5.3,4.35,1.97,5.79,4.55,Data Analyst
6.68,8.24,5.13,6.02,4.46,5.3,4.37,1.97,5.81,4.55,Data Analyst
6.66,8.22,5.11,6,4.44,5.28,4.35,1.95,5.79,4.53,Data Analyst
7.68,9.24,6.13,7.02,5.46,6,5.07,2.06,6.61,5.24,Data Analyst
7.69,9.23,6.14,7.01,5.47,5.99,5.08,2.05,6.62,5.23,Data Analyst
7.67,9.25,6.12,7.03,5.45,6.01,5.06,2.07,6.6,5.25,Data Analyst
7.69,9.25,6.14,7.03,5.47,6.01,5.08,2.07,6.62,5.25,Data Analyst
7.67,9.23,6.12,7.01,5.45,5.99,5.06,2.05,6.6,5.23,Data Analyst
6.78,7.23,3.89,5.12,4.67,7.01,4.51,4.28,5.73,6.18,Data Scientist
6.87,8.65,3.65,6.32,5.65,7.76,4.99,4.65,6.26,7.49,Data Scientist
6.78,7.23,3.89,5.12,4.67,4.93,4.17,1.49,5.56,4.41,Data Scientist
6.87,8.65,3.65,6.32,5.65,5.52,4.17,1.77,6.03,4.7,Data Scientist
7.79,8.24,4.9,6.13,5.68,5.63,4.88,1.59,6.37,5.12,Data Scientist
7.88,9.66,4.66,7.33,6.66,6.23,4.87,1.87,6.84,5.41,Data Scientist
6.67,8.45,3.45,6.12,5.45,7.56,4.79,4.45,6.06,7.29,Database Administrator
6.87,8.65,3.65,6.32,5.65,7.76,4.99,4.65,6.26,7.49,Database Administrator
6.67,8.45,3.45,6.12,5.45,5.38,4.03,1.75,5.87,4.56,Database Administrator
6.87,8.65,3.65,6.32,5.65,5.52,4.17,1.77,6.03,4.7,Database Administrator
7.68,9.46,4.46,7.13,6.46,6.09,4.73,1.85,6.68,5.27,Database Administrator
7.88,9.66,4.66,7.33,6.66,6.23,4.87,1.87,6.84,5.41,Database Administrator
6.78,8.45,3.45,6.45,5.45,7.62,4.95,4.45,6.12,7.45,Database Analyst
6.98,8.65,3.65,6.65,5.65,7.82,5.15,4.65,6.32,7.65,Database Analyst
6.78,8.45,3.45,6.45,5.45,5.41,4.08,1.75,5.93,4.68,Database Analyst
6.98,8.65,3.65,6.65,5.65,5.55,4.22,1.77,6.09,4.82,Database Analyst
7.79,9.46,4.46,7.46,6.46,6.12,4.79,1.85,6.73,5.39,Database Analyst
7.99,9.66,4.66,7.66,6.66,6.26,4.93,1.87,6.89,5.53,Database Analyst
7.43,8.65,5.65,9.32,6.21,8.04,7.49,5.93,6.82,8.99,Dental Assistat
7.44,8.64,5.66,9.31,6.22,8.03,7.5,5.92,6.83,8.98,Dental Assistat
7.42,8.66,5.64,9.33,6.2,8.05,7.48,5.94,6.81,9,Dental Assistat
7.44,8.66,5.66,9.33,6.22,8.05,7.5,5.94,6.83,9,Dental Assistat
7.42,8.64,5.64,9.31,6.2,8.03,7.48,5.92,6.81,8.98,Dental Assistat
7.43,8.65,5.65,9.32,6.21,5.69,4.85,1.6,6.31,5.58,Dental Assistat
7.44,8.64,5.66,9.31,6.22,5.68,4.86,1.59,6.32,5.57,Dental Assistat
7.42,8.66,5.64,9.33,6.2,5.7,4.84,1.61,6.3,5.59,Dental Assistat
7.44,8.66,5.66,9.33,6.22,5.7,4.86,1.61,6.32,5.59,Dental Assistat
7.42,8.64,5.64,9.31,6.2,5.68,4.84,1.59,6.3,5.57,Dental Assistat
8.44,9.66,6.66,7.54,7.22,6.4,5.55,1.7,7.12,5.73,Dental Assistat
8.45,9.65,6.67,7.53,7.23,6.39,5.56,1.69,7.13,5.72,Dental Assistat
8.43,9.67,6.65,7.55,7.21,6.41,5.54,1.71,7.11,5.74,Dental Assistat
8.45,9.67,6.67,7.55,7.23,6.41,5.56,1.71,7.13,5.74,Dental Assistat
8.43,9.65,6.65,7.53,7.21,6.39,5.54,1.69,7.11,5.72,Dental Assistat
7.23,8.34,5.45,9.12,6.01,7.79,7.29,5.73,6.62,8.73,Dental Hygienist
7.43,8.65,5.65,9.32,6.21,8.04,7.49,5.93,6.82,8.99,Dental Hygienist
7.23,8.45,5.45,9.12,6.01,7.84,7.29,5.73,6.62,8.79,Dental Hygienist
7.23,8.34,5.45,9.12,6.01,5.51,4.71,1.53,6.12,5.44,Dental Hygienist
7.43,8.65,5.65,9.32,6.21,5.69,4.85,1.6,6.31,5.58,Dental Hygienist
7.23,8.45,5.45,9.12,6.01,5.55,4.71,1.58,6.15,5.44,Dental Hygienist
8.24,9.35,6.46,9.23,7.02,6.21,5.41,1.63,6.93,5.97,Dental Hygienist
8.44,9.66,6.66,8.13,7.22,6.4,5.55,1.7,7.12,5.85,Dental Hygienist
8.24,9.46,6.46,10.13,7.02,6.26,5.41,1.68,6.96,6.15,Dental Hygienist
7.67,8.23,6.01,9.12,5.45,7.95,7.57,5.73,6.56,8.68,Diplomat
7.87,8.43,6.21,9.32,5.65,8.15,7.77,5.93,6.76,8.88,Diplomat
7.67,8.23,6.01,9.12,5.45,5.59,5.04,1.66,6.3,5.66,Diplomat
7.87,8.43,6.21,9.32,5.65,5.73,5.18,1.68,6.46,5.8,Diplomat
8.68,9.24,7.02,9.12,6.46,6.3,5.74,1.76,7.11,6.16,Diplomat
8.88,9.44,7.22,8.34,6.66,6.44,5.88,1.78,7.27,6.11,Diplomat
9.09,7.87,4.65,5.32,6.21,8.48,4.99,5.43,7.65,6.6,Ecologist
9.1,7.86,4.66,5.31,6.22,8.47,5,5.42,7.66,6.59,Ecologist
9.08,7.88,4.64,5.33,6.2,8.49,4.98,5.44,7.64,6.61,Ecologist
9.1,7.88,4.66,5.33,6.22,8.49,5,5.44,7.66,6.61,Ecologist
9.08,7.86,4.64,5.31,6.2,8.47,4.98,5.42,7.64,6.59,Ecologist
9.09,7.87,4.65,5.32,6.21,5.88,5.48,1.29,6.91,5.61,Ecologist
9.1,7.86,4.66,5.31,6.22,5.87,5.49,1.28,6.92,5.6,Ecologist
9.08,7.88,4.64,5.33,6.2,5.89,5.47,1.3,6.9,5.62,Ecologist
9.1,7.88,4.66,5.33,6.22,5.89,5.49,1.3,6.92,5.62,Ecologist
9.08,7.86,4.64,5.31,6.2,5.87,5.47,1.28,6.9,5.6,Ecologist
9.2,8.88,5.66,6.33,7.22,6.31,5.73,1.39,7.26,5.87,Ecologist
9.21,8.87,5.67,6.32,7.23,6.3,5.74,1.38,7.27,5.86,Ecologist
9.19,8.89,5.65,6.34,7.21,6.32,5.72,1.4,7.25,5.88,Ecologist
9.21,8.89,5.67,6.34,7.23,6.32,5.74,1.4,7.27,5.88,Ecologist
9.19,8.87,5.65,6.32,7.21,6.3,5.72,1.38,7.25,5.86,Ecologist
7.23,7.67,4.23,5.45,4.89,7.45,4.84,4.56,6.06,6.56,Electrical Engineer
7.43,7.87,4.43,5.65,5.09,7.65,5.04,4.76,6.26,6.76,Electrical Engineer
7.23,7.67,4.23,5.45,4.89,5.24,4.46,1.6,5.92,4.71,Electrical Engineer
7.43,7.87,4.43,5.65,5.09,5.38,4.6,1.62,6.08,4.85,Electrical Engineer
8.24,8.68,5.24,6.46,5.9,5.94,5.17,1.7,6.72,5.41,Electrical Engineer
8.44,8.88,5.44,6.66,6.1,6.08,5.31,1.72,6.88,5.55,Electrical Engineer
7.34,7.67,4.23,5.45,4.89,7.51,4.84,4.56,6.12,6.56,Electronics Design Engineer
7.54,7.87,4.43,5.65,5.09,7.71,5.04,4.76,6.32,6.76,Electronics Design Engineer
7.34,7.67,4.23,5.45,4.89,5.27,4.52,1.6,5.97,4.76,Electronics Design Engineer
7.54,7.87,4.43,5.65,5.09,5.41,4.66,1.62,6.13,4.9,Electronics Design Engineer
8.35,8.68,5.24,6.46,5.9,5.98,5.22,1.7,6.78,5.47,Electronics Design Engineer
8.55,8.88,5.44,6.66,6.1,6.12,5.36,1.72,6.94,5.61,Electronics Design Engineer
6.45,7.67,5.34,9.23,4.45,7.06,7.29,4.9,5.45,8.45,Elementary School Teacher
6.45,7.67,5.34,9.23,4.45,5,4.29,1.73,5.53,5.07,Elementary School Teacher
7.46,8.68,6.35,9.12,5.46,5.71,5,1.83,6.33,5.55,Elementary School Teacher
8.67,8.12,4.01,5.23,4.67,8.4,4.62,4.34,6.67,6.68,Environmental Engineer
8.12,8.67,4.67,5.23,4.11,8.4,4.95,4.39,6.12,6.95,Environmental Engineer
7.92,8.47,4.47,5.03,3.91,8.2,4.75,4.19,5.92,6.75,Environmental Engineer
8.67,8.12,4.01,5.23,4.67,5.85,5.14,1.85,6.77,5.38,Environmental Engineer
8.12,8.67,4.67,5.23,4.11,5.9,4.99,2.24,6.66,5.11,Environmental Engineer
7.92,8.47,4.47,5.03,3.91,5.76,4.85,2.22,6.5,4.97,Environmental Engineer
9.68,9.13,5.02,6.24,5.68,6.56,5.84,1.95,7.58,6.09,Environmental Engineer
9.13,9.68,5.68,6.24,5.12,6.61,5.7,2.34,7.47,5.81,Environmental Engineer
8.93,9.48,5.48,6.04,4.92,6.47,5.56,2.32,7.31,5.67,Environmental Engineer
9.12,7.45,4.23,5.67,3.78,8.29,4.95,4.01,6.45,6.56,Environmental Scientist
8.67,8.12,4.01,5.23,4.67,8.4,4.62,4.34,6.67,6.68,Environmental Scientist
8.87,8.32,4.21,5.43,4.87,8.6,4.82,4.54,6.87,6.88,Environmental Scientist
9.12,7.45,4.23,5.67,3.78,5.72,5.41,1.85,6.8,5.69,Environmental Scientist
8.67,8.12,4.01,5.23,4.67,5.85,5.14,1.85,6.77,5.38,Environmental Scientist
8.87,8.32,4.21,5.43,4.87,5.99,5.28,1.87,6.93,5.52,Environmental Scientist
8.23,8.46,5.24,6.68,4.79,5.85,5.16,1.95,6.65,5.45,Environmental Scientist
9.68,9.13,5.02,6.24,5.68,6.56,5.84,1.95,7.58,6.09,Environmental Scientist
9.88,9.33,5.22,6.44,5.88,6.7,5.98,1.97,7.74,6.23,Environmental Scientist
7.01,3.78,8.45,6.78,5.45,5.4,7.62,6.95,6.23,5.28,Event Photographer
7.02,3.77,8.46,6.77,5.46,5.39,7.63,6.94,6.24,5.27,Event Photographer
7,3.79,8.44,6.79,5.44,5.41,7.61,6.96,6.22,5.29,Event Photographer
7.02,3.79,8.46,6.79,5.46,5.41,7.63,6.96,6.24,5.29,Event Photographer
7,3.77,8.44,6.77,5.44,5.39,7.61,6.94,6.22,5.27,Event Photographer
7.01,3.78,8.45,6.78,5.45,3.62,5.2,0.12,4.64,4.86,Event Photographer
7.02,3.77,8.46,6.77,5.46,3.61,5.21,0.11,4.65,4.85,Event Photographer
7,3.79,8.44,6.79,5.44,3.63,5.19,0.13,4.63,4.87,Event Photographer
7.02,3.79,8.46,6.79,5.46,3.63,5.21,0.13,4.65,4.87,Event Photographer
7,3.77,8.44,6.77,5.44,3.61,5.19,0.11,4.63,4.85,Event Photographer
8.02,4.79,9.46,7.79,6.46,4.32,5.9,0.02,5.45,5.57,Event Photographer
8.03,4.78,9.47,7.78,6.47,4.31,5.91,0.01,5.46,5.56,Event Photographer
8.01,4.8,9.45,7.8,6.45,4.33,5.89,0.03,5.44,5.58,Event Photographer
8.03,4.8,9.47,7.8,6.47,4.33,5.91,0.03,5.46,5.58,Event Photographer
8.01,4.78,9.45,7.78,6.45,4.31,5.89,0.01,5.44,5.56,Event Photographer
6.67,6.01,8.45,8.23,4.34,6.34,8.34,6.4,5.51,7.12,Event Planner
6.68,6,8.46,8.22,4.35,6.33,8.35,6.39,5.52,7.11,Event Planner
6.66,6.02,8.44,8.24,4.33,6.35,8.33,6.41,5.5,7.13,Event Planner
6.68,6.02,8.46,8.24,4.35,6.35,8.35,6.41,5.52,7.13,Event Planner
6.66,6,8.44,8.22,4.33,6.33,8.33,6.39,5.5,7.11,Event Planner
6.67,6.01,8.45,8.23,4.34,4.41,5.03,1.1,5.14,4.98,Event Planner
6.68,6,8.46,8.22,4.35,4.4,5.04,1.09,5.15,4.97,Event Planner
6.66,6.02,8.44,8.24,4.33,4.42,5.02,1.11,5.13,4.99,Event Planner
6.68,6.02,8.46,8.24,4.35,4.42,5.04,1.11,5.15,4.99,Event Planner
6.66,6,8.44,8.22,4.33,4.4,5.02,1.09,5.13,4.97,Event Planner
7.68,7.02,9.46,9.24,5.35,5.11,5.73,1.2,5.95,5.69,Event Planner
7.69,7.01,9.47,9.23,5.36,5.1,5.74,1.19,5.96,5.68,Event Planner
7.67,7.03,9.45,9.25,5.34,5.12,5.72,1.21,5.94,5.7,Event Planner
7.69,7.03,9.47,9.25,5.36,5.12,5.74,1.21,5.96,5.7,Event Planner
7.67,7.01,9.45,9.23,5.34,5.1,5.72,1.19,5.94,5.68,Event Planner
7.21,7.98,5.43,9.32,6.21,7.6,7.38,5.82,6.71,8.65,Family Therapists
7.22,7.97,5.44,9.31,6.22,7.59,7.39,5.81,6.72,8.64,Family Therapists
7.2,7.99,5.42,9.33,6.2,7.61,7.37,5.83,6.7,8.66,Family Therapists
7.22,7.99,5.44,9.33,6.22,7.61,7.39,5.83,6.72,8.66,Family Therapists
7.2,7.97,5.42,9.31,6.2,7.59,7.37,5.81,6.7,8.64,Family Therapists
7.21,7.98,5.43,9.32,6.21,5.36,4.69,1.33,6,5.47,Family Therapists
7.22,7.97,5.44,9.31,6.22,5.35,4.7,1.32,6.01,5.46,Family Therapists
7.2,7.99,5.42,9.33,6.2,5.37,4.68,1.34,5.99,5.48,Family Therapists
7.22,7.99,5.44,9.33,6.22,5.37,4.7,1.34,6.01,5.48,Family Therapists
7.2,7.97,5.42,9.31,6.2,5.35,4.68,1.32,5.99,5.46,Family Therapists
8.22,8.99,6.44,4.5,7.22,6.06,5.4,1.43,6.81,5.01,Family Therapists
8.23,8.98,6.45,4.49,7.23,6.05,5.41,1.42,6.82,5,Family Therapists
8.21,9,6.43,4.51,7.21,6.07,5.39,1.44,6.8,5.02,Family Therapists
8.23,9,6.45,4.51,7.23,6.07,5.41,1.44,6.82,5.02,Family Therapists
8.21,8.98,6.43,4.49,7.21,6.05,5.39,1.42,6.8,5,Family Therapists
8.78,3.78,7.67,7.01,6.01,6.28,7.34,6.84,7.4,5.4,Fashion Designer
8.79,3.77,7.68,7,6.02,6.27,7.35,6.83,7.41,5.39,Fashion Designer
8.77,3.79,7.66,7.02,6,6.29,7.33,6.85,7.39,5.41,Fashion Designer
8.79,3.79,7.68,7.02,6.02,6.29,7.35,6.85,7.41,5.41,Fashion Designer
8.77,3.77,7.66,7,6,6.27,7.33,6.83,7.39,5.39,Fashion Designer
8.78,3.78,7.67,7.01,6.01,4.15,5.92,0.29,5.52,5.79,Fashion Designer
8.79,3.77,7.68,7,6.02,4.14,5.93,0.28,5.53,5.78,Fashion Designer
8.77,3.79,7.66,7.02,6,4.16,5.91,0.3,5.51,5.8,Fashion Designer
8.79,3.79,7.68,7.02,6.02,4.16,5.93,0.3,5.53,5.8,Fashion Designer
8.77,3.77,7.66,7,6,4.14,5.91,0.28,5.51,5.78,Fashion Designer
9.79,4.79,8.68,8.02,7.02,4.85,6.63,0.19,6.33,6.5,Fashion Designer
9.8,4.78,8.69,8.01,7.03,4.84,6.64,0.18,6.34,6.49,Fashion Designer
9.78,4.8,8.67,8.03,7.01,4.86,6.62,0.2,6.32,6.51,Fashion Designer
9.8,4.8,8.69,8.03,7.03,4.86,6.64,0.2,6.34,6.51,Fashion Designer
9.78,4.78,8.67,8.01,7.01,4.84,6.62,0.18,6.32,6.49,Fashion Designer
8.78,4.23,7.67,7.45,6.45,6.51,7.56,7.06,7.62,5.84,Fashion Stylist
8.98,4.43,7.87,7.65,6.65,6.71,7.76,7.26,7.82,6.04,Fashion Stylist
8.78,4.23,7.67,7.45,6.45,4.33,5.92,0.24,5.66,5.88,Fashion Stylist
8.98,4.43,7.87,7.65,6.65,4.47,6.06,0.22,5.82,6.02,Fashion Stylist
9.79,5.24,8.68,8.46,7.46,5.03,6.63,0.14,6.47,6.59,Fashion Stylist
8.12,5.44,8.88,8.66,7.66,4.61,5.84,0.12,5.69,5.79,Fashion Stylist
8.67,4.23,7.67,7.45,6.45,6.45,7.56,7.06,7.56,5.84,Film Director
8.87,4.43,7.87,7.65,6.65,6.65,7.76,7.26,7.76,6.04,Film Director
8.67,4.23,7.67,7.45,6.45,4.29,5.87,0.24,5.6,5.83,Film Director
8.87,4.43,7.87,7.65,6.65,4.43,6.01,0.22,5.76,5.97,Film Director
9.68,5.24,8.68,8.46,7.46,5,6.58,0.14,6.41,6.53,Film Director
9.88,5.44,8.88,8.66,7.66,5.14,6.72,0.12,6.57,6.67,Film Director
6.67,7.78,3.45,6.01,5.45,7.23,4.73,4.45,6.06,6.9,Financial Advisor
6.67,8.93,3.45,5.6,2.43,7.8,4.53,2.94,4.55,7.27,Financial Advisor
6.47,8.73,3.25,5.4,2.23,7.6,4.33,2.74,4.35,7.07,Financial Advisor
6.67,7.78,3.45,6.01,5.45,5.11,4.03,1.48,5.67,4.54,Financial Advisor
6.67,8.93,3.45,5.6,2.43,5.57,4.03,2.84,6.01,4.46,Financial Advisor
6.47,8.73,3.25,5.4,2.23,5.43,3.89,2.82,5.85,4.32,Financial Advisor
7.68,8.79,4.46,7.02,6.46,5.82,4.73,1.58,6.48,5.24,Financial Advisor
7.68,8.45,4.46,6.61,3.44,5.68,4.73,2.35,6.38,5.16,Financial Advisor
7.48,9.74,4.26,6.41,3.24,6.14,4.59,2.92,6.66,5.02,Financial Advisor
6.78,8.67,5.23,6.45,4.01,7.73,5.84,4.62,5.4,7.56,Financial Analyst
6.77,8.68,5.22,6.46,4,7.74,5.83,4.63,5.39,7.57,Financial Analyst
6.79,8.66,5.24,6.44,4.02,7.72,5.85,4.61,5.41,7.55,Financial Analyst
6.77,8.66,5.22,6.44,4,7.72,5.83,4.61,5.39,7.55,Financial Analyst
6.79,8.68,5.24,6.46,4.02,7.74,5.85,4.63,5.41,7.57,Financial Analyst
6.78,8.67,5.23,6.45,4.01,5.5,4.44,2.27,5.99,4.68,Financial Analyst
6.77,8.68,5.22,6.46,4,5.51,4.43,2.28,5.98,4.69,Financial Analyst
6.79,8.66,5.24,6.44,4.02,5.49,4.45,2.26,6,4.67,Financial Analyst
6.77,8.66,5.22,6.44,4,5.49,4.43,2.26,5.98,4.67,Financial Analyst
6.79,8.68,5.24,6.46,4.02,5.51,4.45,2.28,6,4.69,Financial Analyst
7.79,9.68,6.24,7.46,5.02,6.21,5.14,2.37,6.8,5.39,Financial Analyst
7.78,9.69,6.23,7.47,5.01,6.22,5.13,2.38,6.79,5.4,Financial Analyst
7.8,9.67,6.25,7.45,5.03,6.2,5.15,2.36,6.81,5.38,Financial Analyst
7.78,9.67,6.23,7.45,5.01,6.2,5.13,2.36,6.79,5.38,Financial Analyst
7.8,9.69,6.25,7.47,5.03,6.22,5.15,2.38,6.81,5.4,Financial Analyst
6.78,8.67,4.45,6.01,4.78,7.73,5.23,4.62,5.78,7.34,Financial Auditor
6.77,8.68,4.44,6.02,4.77,7.74,5.22,4.63,5.77,7.35,Financial Auditor
6.79,8.66,4.46,6,4.79,7.72,5.24,4.61,5.79,7.33,Financial Auditor
6.77,8.66,4.44,6,4.77,7.72,5.22,4.61,5.77,7.33,Financial Auditor
6.79,8.68,4.46,6.02,4.79,7.74,5.24,4.63,5.79,7.35,Financial Auditor
6.78,8.67,4.45,6.01,4.78,5.5,4.28,2.03,5.99,4.59,Financial Auditor
6.77,8.68,4.44,6.02,4.77,5.51,4.27,2.04,5.98,4.6,Financial Auditor
6.79,8.66,4.46,6,4.79,5.49,4.29,2.02,6,4.58,Financial Auditor
6.77,8.66,4.44,6,4.77,5.49,4.27,2.02,5.98,4.58,Financial Auditor
6.79,8.68,4.46,6.02,4.79,5.51,4.29,2.04,6,4.6,Financial Auditor
7.79,9.68,5.46,7.02,5.79,6.21,4.99,2.14,6.8,5.3,Financial Auditor
7.78,9.69,5.45,7.03,5.78,6.22,4.98,2.15,6.79,5.31,Financial Auditor
7.8,9.67,5.47,7.01,5.8,6.2,5,2.13,6.81,5.29,Financial Auditor
7.78,9.67,5.45,7.01,5.78,6.2,4.98,2.13,6.79,5.29,Financial Auditor
7.8,9.69,5.47,7.03,5.8,6.22,5,2.15,6.81,5.31,Financial Auditor
5.67,8.78,6.67,6.34,4.34,7.23,6.51,5.51,5.01,7.56,Financial Planner
5.66,8.79,6.66,6.35,4.33,7.24,6.5,5.52,5,7.57,Financial Planner
5.68,8.77,6.68,6.33,4.35,7.22,6.52,5.5,5.02,7.55,Financial Planner
5.66,8.77,6.66,6.33,4.33,7.24,6.52,5.52,5.02,7.57,Financial Planner
5.68,8.79,6.68,6.35,4.35,7.22,6.5,5.5,5,7.55,Financial Planner
5.67,8.78,6.67,6.34,4.34,5.21,4.17,2.21,5.47,4.1,Financial Planner
5.66,8.79,6.66,6.35,4.33,5.22,4.16,2.22,5.46,4.11,Financial Planner
5.68,8.77,6.68,6.33,4.35,5.2,4.18,2.2,5.48,4.09,Financial Planner
5.66,8.77,6.66,6.33,4.33,5.2,4.16,2.2,5.46,4.09,Financial Planner
5.68,8.79,6.68,6.35,4.35,5.22,4.18,2.22,5.48,4.11,Financial Planner
6.68,9.79,7.68,7.35,5.35,5.92,4.88,2.31,6.28,4.81,Financial Planner
6.67,9.8,7.67,7.36,5.34,5.93,4.87,2.32,6.27,4.82,Financial Planner
6.69,9.78,7.69,7.34,5.36,5.91,4.89,2.3,6.29,4.8,Financial Planner
6.67,9.78,7.67,7.34,5.34,5.91,4.87,2.3,6.27,4.8,Financial Planner
6.69,9.8,7.69,7.36,5.36,5.93,4.89,2.32,6.29,4.82,Financial Planner
4.34,8.89,4.78,6.45,2.33,6.62,5.62,3.56,3.34,7.67,Flight Instector
4.33,8.9,4.77,6.46,2.32,6.63,5.61,3.57,3.33,7.68,Flight Instector
4.35,8.88,4.79,6.44,2.34,6.61,5.63,3.55,3.35,7.66,Flight Instector
4.33,8.88,4.77,6.44,2.32,6.61,5.61,3.55,3.33,7.66,Flight Instector
4.35,8.9,4.79,6.46,2.34,6.63,5.63,3.57,3.35,7.68,Flight Instector
4.34,8.89,4.78,6.45,2.33,4.86,3.13,2.86,4.84,3.46,Flight Instector
4.33,8.9,4.77,6.46,2.32,4.87,3.12,2.87,4.83,3.47,Flight Instector
4.35,8.88,4.79,6.44,2.34,4.85,3.14,2.85,4.85,3.45,Flight Instector
4.33,8.88,4.77,6.44,2.32,4.85,3.12,2.85,4.83,3.45,Flight Instector
4.35,8.9,4.79,6.46,2.34,4.87,3.14,2.87,4.85,3.47,Flight Instector
5.35,9.9,5.79,7.46,3.34,5.57,3.83,2.96,5.65,4.17,Flight Instector
5.34,9.91,5.78,7.47,3.33,5.58,3.82,2.97,5.64,4.18,Flight Instector
5.36,9.89,5.8,7.45,3.35,5.56,3.84,2.95,5.66,4.16,Flight Instector
5.34,9.89,5.78,7.45,3.33,5.56,3.82,2.95,5.64,4.16,Flight Instector
5.36,9.91,5.8,7.47,3.35,5.58,3.84,2.97,5.66,4.18,Flight Instector
7.67,8.23,6.01,9.12,5.45,7.95,7.57,5.73,6.56,8.68,Foreign Service Officer
7.87,8.43,6.21,9.32,5.65,8.15,7.77,5.93,6.76,8.88,Foreign Service Officer
7.67,8.23,6.01,9.12,5.45,5.59,5.04,1.66,6.3,5.66,Foreign Service Officer
7.87,8.43,6.21,9.32,5.65,5.73,5.18,1.68,6.46,5.8,Foreign Service Officer
8.68,9.24,7.02,8.2,6.46,6.3,5.74,1.76,7.11,5.98,Foreign Service Officer
8.88,9.44,7.22,9.2,6.66,6.44,5.88,1.78,7.27,6.28,Foreign Service Officer
8.67,7.78,4.45,5.12,6.01,8.23,4.79,5.23,7.34,6.45,Forensic Psychologist
8.87,7.98,4.65,5.32,6.21,8.43,4.99,5.43,7.54,6.65,Forensic Psychologist
8.78,7.67,4.01,5.12,4.67,8.23,4.57,4.34,6.73,6.4,Forensic Psychologist
8.67,7.78,4.45,5.12,6.01,5.71,5.23,1.31,6.67,5.36,Forensic Psychologist
8.87,7.98,4.65,5.32,6.21,5.85,5.37,1.33,6.83,5.5,Forensic Psychologist
8.78,7.67,4.01,5.12,4.67,5.7,5.19,1.67,6.69,5.41,Forensic Psychologist
9.68,8.79,5.46,6.13,7.02,6.42,5.93,1.41,7.48,6.07,Forensic Psychologist
9.88,8.99,5.66,6.33,7.22,6.56,6.07,1.43,7.64,6.21,Forensic Psychologist
9.79,8.68,5.02,6.13,5.68,6.41,5.9,1.77,7.5,6.12,Forensic Psychologist
8.78,7.67,4.01,5.12,4.67,8.23,4.57,4.34,6.73,6.4,Forensic Scientist
8.58,7.47,3.81,4.92,4.47,8.03,4.37,4.14,6.53,6.2,Forensic Scientist
8.78,7.67,4.01,5.12,4.67,5.7,5.19,1.67,6.69,5.41,Forensic Scientist
8.58,7.47,3.81,4.92,4.47,5.56,5.05,1.65,6.53,5.27,Forensic Scientist
9.79,8.68,5.02,6.13,5.68,6.41,5.9,1.77,7.5,6.12,Forensic Scientist
9.59,8.48,4.82,5.93,5.48,6.27,5.76,1.75,7.34,5.98,Forensic Scientist
7.45,7.12,4.67,8.67,6.34,7.29,6.67,5.51,6.9,7.9,Forestry Technician
7.65,7.32,4.87,8.87,6.54,7.49,6.87,5.71,7.1,8.1,Forestry Technician
7.45,7.12,4.67,8.67,6.34,5.08,4.66,0.95,5.86,5.46,Forestry Technician
7.65,7.32,4.87,8.87,6.54,5.22,4.8,0.97,6.02,5.6,Forestry Technician
8.46,8.13,5.68,9.68,7.35,5.79,5.37,1.05,6.67,6.17,Forestry Technician
8.66,8.33,5.88,9.88,7.55,5.93,5.51,1.07,6.83,6.31,Forestry Technician
6.23,4.23,8.45,7.98,6.45,5.23,8.22,7.45,6.34,6.11,Furniture Designer
6.22,4.24,8.44,7.99,6.44,5.24,8.21,7.46,6.33,6.12,Furniture Designer
6.24,4.22,8.46,7.97,6.46,5.22,8.23,7.44,6.35,6.1,Furniture Designer
6.22,4.22,8.44,7.97,6.44,5.22,8.21,7.44,6.33,6.1,Furniture Designer
6.24,4.24,8.46,7.99,6.46,5.24,8.23,7.46,6.35,6.12,Furniture Designer
6.23,4.23,8.45,7.98,6.45,3.56,4.81,0.24,4.38,4.71,Furniture Designer
6.22,4.24,8.44,7.99,6.44,3.57,4.8,0.25,4.37,4.72,Furniture Designer
6.24,4.22,8.46,7.97,6.46,3.55,4.82,0.23,4.39,4.7,Furniture Designer
6.22,4.22,8.44,7.97,6.44,3.55,4.8,0.23,4.37,4.7,Furniture Designer
6.24,4.24,8.46,7.99,6.46,3.57,4.82,0.25,4.39,4.72,Furniture Designer
7.24,5.24,9.46,8.99,7.46,4.27,5.51,0.14,5.19,5.42,Furniture Designer
7.23,5.25,9.45,9,7.45,4.28,5.5,0.15,5.18,5.43,Furniture Designer
7.25,5.23,9.47,8.98,7.47,4.26,5.52,0.13,5.2,5.41,Furniture Designer
7.23,5.23,9.45,8.98,7.45,4.26,5.5,0.13,5.18,5.41,Furniture Designer
7.25,5.25,9.47,9,7.47,4.28,5.52,0.15,5.2,5.43,Furniture Designer
8.98,4.43,7.87,7.65,6.65,6.71,7.76,7.26,7.82,6.04,Game Designer
8.97,4.44,7.86,7.66,6.64,6.72,7.75,7.27,7.81,6.05,Game Designer
8.99,4.42,7.88,7.64,6.66,6.7,7.77,7.25,7.83,6.03,Game Designer
8.97,4.42,7.86,7.64,6.64,6.7,7.75,7.25,7.81,6.03,Game Designer
8.99,4.44,7.88,7.66,6.66,6.72,7.77,7.27,7.83,6.05,Game Designer
8.98,4.43,7.87,7.65,6.65,4.47,6.06,0.22,5.82,6.02,Game Designer
8.97,4.44,7.86,7.66,6.64,4.48,6.05,0.23,5.81,6.03,Game Designer
8.99,4.42,7.88,7.64,6.66,4.46,6.07,0.21,5.83,6.01,Game Designer
8.97,4.42,7.86,7.64,6.64,4.46,6.05,0.21,5.81,6.01,Game Designer
8.99,4.44,7.88,7.66,6.66,4.48,6.07,0.23,5.83,6.03,Game Designer
8.23,5.44,8.88,8.66,7.66,4.65,5.89,0.12,5.75,5.85,Game Designer
8.22,5.45,8.87,8.65,7.65,4.66,5.88,0.13,5.74,5.86,Game Designer
8.24,5.43,8.89,8.65,7.67,4.64,5.9,0.11,5.76,5.84,Game Designer
8.22,5.43,8.87,8.65,7.65,4.64,5.88,0.11,5.74,5.84,Game Designer
8.24,5.45,8.89,8.67,7.67,4.66,5.9,0.13,5.76,5.86,Game Designer
9.12,7.45,5.45,5.23,4.67,8.29,5.34,5.06,6.9,6.34,Game Developer
8.78,9.34,5.45,5.23,4.67,9.06,5.34,5.06,6.73,7.29,Game Developer
8.58,9.14,5.25,5.03,4.47,8.86,5.14,4.86,6.53,7.09,Game Developer
9.12,7.45,5.45,5.23,4.67,5.72,5.65,1.58,6.8,5.61,Game Developer
8.78,9.34,5.45,5.23,4.67,6.37,5.48,2.34,7.19,5.44,Game Developer
8.58,9.14,5.25,5.03,4.47,6.23,5.34,2.32,7.03,5.3,Game Developer
9.2,8.46,6.46,6.24,5.68,6.14,5.89,1.68,7.14,5.85,Game Developer
9.79,8.7,6.46,6.24,5.68,6.42,6.19,1.78,7.51,6.14,Game Developer
9.59,9.45,6.26,6.04,5.48,6.66,6.05,2.14,7.63,6,Game Developer
7.78,7.34,5.23,9.12,6.01,7.56,7.18,5.62,6.9,8.23,Genetic Counselor
7.98,7.54,5.43,9.32,6.21,7.76,7.38,5.82,7.1,8.43,Genetic Counselor
7.78,7.34,5.23,9.12,6.01,5.27,4.94,1.13,6.09,5.71,Genetic Counselor
7.98,7.54,5.43,9.32,6.21,5.41,5.08,1.15,6.25,5.85,Genetic Counselor
9.34,8.35,6.24,9.23,7.02,6.14,5.92,1.23,7.18,6.52,Genetic Counselor
8.99,8.55,6.45,6.5,7.22,6.12,5.79,1.25,7.06,5.8,Genetic Counselor
9.12,7.45,4.01,5.23,4.67,8.29,4.62,4.34,6.9,6.34,Geologist
9.5,8.1,4.01,5.23,3.1,8.8,4.62,3.56,6.3,6.67,Geologist
9.3,7.9,3.81,5.03,2.9,8.6,4.42,3.36,6.1,6.47,Geologist
9.12,7.45,4.01,5.23,4.67,5.72,5.36,1.58,6.8,5.61,Geologist
9.5,8.1,4.01,5.23,3.1,6.09,5.55,2.31,7.18,5.8,Geologist
9.3,7.9,3.81,5.03,2.9,5.95,5.41,2.29,7.02,5.66,Geologist
9.12,8.46,5.02,6.24,5.68,6.12,5.56,1.68,7.1,5.81,Geologist
9.23,9.11,5.02,6.24,4.11,6.41,5.62,2.41,7.35,5.86,Geologist
9.45,8.91,4.82,6.04,3.91,6.4,5.69,2.39,7.4,5.94,Geologist
7.45,7.78,6.01,8.67,6.45,7.62,7.34,6.23,6.95,8.23,Human Rights Lawyer
7.65,7.98,6.21,8.87,6.65,7.82,7.54,6.43,7.15,8.43,Human Rights Lawyer
7.45,7.78,6.01,8.67,6.45,5.35,4.93,1.18,6.06,5.46,Human Rights Lawyer
7.65,7.98,6.21,8.87,6.65,5.49,5.07,1.2,6.22,5.6,Human Rights Lawyer
8.46,8.79,7.02,9.68,7.46,6.05,5.63,1.28,6.87,6.17,Human Rights Lawyer
8.66,8.99,7.22,9.88,7.66,6.19,5.77,1.3,7.03,6.31,Human Rights Lawyer
6.78,8.45,3.45,6.45,5.45,7.62,4.95,4.45,6.12,7.45,Insurance Underwriter
6.98,8.65,3.65,6.65,5.65,7.82,5.15,4.65,6.32,7.65,Insurance Underwriter
6.78,8.45,3.45,6.45,5.45,5.41,4.08,1.75,5.93,4.68,Insurance Underwriter
6.98,8.65,3.65,6.65,5.65,5.55,4.22,1.77,6.09,4.82,Insurance Underwriter
7.79,9.46,4.46,7.46,6.46,6.12,4.79,1.85,6.73,5.39,Insurance Underwriter
7.99,9.66,4.66,7.66,6.66,6.26,4.93,1.87,6.89,5.53,Insurance Underwriter
8.45,4.23,7.67,7.23,6.45,6.34,7.45,7.06,7.45,5.73,Interior Designer
6.23,4.23,8.45,7.98,6.45,5.23,8.22,7.45,6.34,6.11,Interior Designer
6.03,4.03,8.25,7.78,6.25,5.03,8.02,7.25,6.14,5.91,Interior Designer
8.45,4.23,7.67,7.23,6.45,4.23,5.76,0.24,5.49,5.67,Interior Designer
6.23,4.23,8.45,7.98,6.45,3.56,4.81,0.24,4.38,4.71,Interior Designer
6.03,4.03,8.25,7.78,6.25,3.42,4.67,0.26,4.22,4.57,Interior Designer
9.46,5.24,8.68,8.24,7.46,4.93,6.47,0.14,6.3,6.38,Interior Designer
7.24,5.24,9.46,8.99,7.46,4.27,5.51,0.14,5.19,5.42,Interior Designer
7.04,5.04,9.26,8.79,7.26,4.13,5.37,0.16,5.03,5.28,Interior Designer
7.23,8.23,8.67,6.45,6.01,7.73,7.56,7.34,6.62,7.34,Investment Banker
7.43,8.43,8.87,6.65,6.21,7.93,7.76,7.54,6.82,7.54,Investment Banker
7.23,8.23,8.67,6.45,6.01,5.46,5.35,1.49,6.08,4.91,Investment Banker
7.43,8.43,8.87,6.65,6.21,5.6,5.49,1.51,6.24,5.05,Investment Banker
8.24,9.24,9.68,7.46,7.02,6.17,6.06,1.59,6.89,5.61,Investment Banker
8.44,9.44,9.88,7.66,7.22,6.31,6.2,1.61,7.05,5.75,Investment Banker
6.78,8.45,7.34,5.45,6.01,7.62,6.4,6.68,6.4,6.95,IT Project Manager
6.98,8.65,7.54,5.65,6.21,7.82,6.6,6.88,6.6,7.15,IT Project Manager
6.78,8.45,7.34,5.45,6.01,5.41,4.86,1.58,5.93,4.48,IT Project Manager
6.98,8.65,7.54,5.65,6.21,5.55,5,1.6,6.09,4.62,IT Project Manager
7.79,9.46,8.35,6.46,7.02,6.12,5.57,1.68,6.73,5.19,IT Project Manager
7.99,9.66,8.55,6.66,7.22,6.26,5.71,1.7,6.89,5.33,IT Project Manager
8.78,7.67,4.45,5.12,6.01,8.23,4.79,5.23,7.4,6.4,Marine Biologist
8.98,7.87,4.65,5.32,6.21,8.43,4.99,5.43,7.6,6.6,Marine Biologist
8.91,7.67,4.45,7.23,5.78,8.29,5.84,5.12,7.35,7.45,Marine Biologist
8.78,7.67,4.45,5.12,6.01,5.7,5.28,1.27,6.69,5.41,Marine Biologist
8.98,7.87,4.65,5.32,6.21,5.84,5.42,1.29,6.85,5.55,Marine Biologist
8.91,7.67,4.45,7.23,5.78,5.74,5.35,1.33,6.76,5.9,Marine Biologist
9.79,8.68,5.46,6.13,7.02,6.41,5.99,1.37,7.5,6.12,Marine Biologist
9.1,8.88,5.66,6.33,7.22,6.28,5.68,1.39,7.21,5.82,Marine Biologist
9.92,8.68,5.46,8.24,6.79,6.45,6.05,1.44,7.56,6.61,Marine Biologist
8.67,7.67,6.01,7.45,6.45,8.17,6.73,6.23,7.56,7.56,Market Researcher
8.87,7.87,6.21,7.65,6.65,8.37,6.93,6.43,7.76,7.76,Market Researcher
8.67,7.67,6.01,7.45,6.45,5.67,5.54,1.13,6.64,5.83,Market Researcher
8.87,7.87,6.21,7.65,6.65,5.81,5.68,1.15,6.8,5.97,Market Researcher
9.68,8.68,7.02,8.46,7.46,6.38,6.24,1.23,7.44,6.53,Market Researcher
9.88,8.88,7.22,8.66,7.66,6.52,6.38,1.25,7.6,6.67,Market Researcher
6.67,8.45,3.45,6.12,5.23,7.56,4.79,4.34,5.95,7.29,Marketing Analyst
6.87,8.65,3.65,6.32,5.43,7.76,4.99,4.54,6.15,7.49,Marketing Analyst
8.45,6.45,7.01,7.56,5.67,7.45,7.29,6.34,7.06,7.01,Marketing Analyst
6.67,8.45,3.45,6.12,5.23,5.38,4.03,1.81,5.87,4.56,Marketing Analyst
6.87,8.65,3.65,6.32,5.43,5.52,4.17,1.83,6.03,4.7,Marketing Analyst
8.45,6.45,7.01,7.56,5.67,5.12,5.63,0.88,6.16,5.74,Marketing Analyst
7.68,9.46,4.46,7.13,6.24,6.09,4.73,1.91,6.68,5.27,Marketing Analyst
7.88,9.66,4.66,7.33,6.44,6.23,4.87,1.93,6.84,5.41,Marketing Analyst
9.46,7.46,8.02,8.57,6.68,5.82,6.33,0.98,6.97,6.44,Marketing Analyst
8.45,6.45,7.01,7.56,5.67,7.45,7.29,6.34,7.06,7.01,Marketing Copywriter
8.25,6.25,6.81,7.36,5.47,7.25,7.09,6.14,6.86,6.81,Marketing Copywriter
8.45,6.45,7.01,7.56,5.67,5.12,5.63,0.88,6.16,5.74,Marketing Copywriter
8.25,6.25,6.81,7.36,5.47,4.98,5.49,0.86,6,5.6,Marketing Copywriter
9.46,7.46,8.02,8.57,6.68,5.82,6.33,0.98,6.97,6.44,Marketing Copywriter
9.26,7.26,7.82,8.37,6.48,5.68,6.19,0.96,6.81,6.3,Marketing Copywriter
6.23,7.34,8.78,7.45,5.67,6.79,8.12,7.23,5.95,7.4,Marketing Manager
7.87,6.32,8.98,7.65,6.65,7.1,8.32,7.82,7.26,6.99,Marketing Manager
6.23,7.34,8.78,7.45,5.67,4.81,4.87,1.24,5.32,4.61,Marketing Manager
7.87,6.32,8.98,7.65,6.65,4.89,5.73,0.53,5.83,5.47,Marketing Manager
7.24,8.35,9.79,8.46,6.68,5.51,5.58,1.34,6.13,5.31,Marketing Manager
8.88,7.33,3.54,8.66,7.66,5.6,5.15,0.63,6.64,6.17,Marketing Manager
6.87,8.65,3.65,6.32,5.43,7.76,4.99,4.54,6.15,7.49,Marketing Reseacher
6.86,8.66,3.64,6.33,5.42,7.77,4.98,4.55,6.14,7.5,Marketing Reseacher
6.88,8.64,3.66,6.31,5.44,7.75,5,4.53,6.16,7.48,Marketing Reseacher
6.86,8.64,3.64,6.31,5.42,7.75,4.98,4.53,6.14,7.48,Marketing Reseacher
6.88,8.66,3.66,6.33,5.44,7.77,5,4.55,6.16,7.5,Marketing Reseacher
6.87,8.65,3.65,6.32,5.43,5.52,4.17,1.83,6.03,4.7,Marketing Reseacher
7.88,9.66,4.66,7.33,6.44,6.23,4.87,1.93,6.84,5.41,Marketing Reseacher
7.01,7.78,5.23,9.12,6.01,7.4,7.18,5.62,6.51,8.45,Marriage Counselor
7.21,7.98,5.43,9.32,6.21,7.6,7.38,5.82,6.71,8.65,Marriage Counselor
7.01,7.78,5.23,9.12,6.01,5.22,4.55,1.31,5.84,5.33,Marriage Counselor
7.21,7.98,5.43,9.32,6.21,5.36,4.69,1.33,6,5.47,Marriage Counselor
8.02,8.79,6.24,10.13,7.02,5.92,5.26,1.41,6.65,6.04,Marriage Counselor
8.22,8.99,6.5,5.6,7.22,6.06,5.41,1.43,6.81,5.23,Marriage Counselor
6.78,7.67,3.78,4.89,4.34,7.23,4.34,4.06,5.56,6.28,Mechanical Designer
7.67,6.89,3.78,4.89,4.34,7.28,4.34,4.06,6.01,5.89,Mechanical Designer
7.47,6.69,3.58,4.69,4.14,7.08,4.14,3.86,5.81,5.69,Mechanical Designer
6.78,7.67,3.78,4.89,4.34,5.1,4.15,1.77,5.69,4.37,Mechanical Designer
7.67,6.89,3.78,4.89,4.34,5.06,4.59,1.45,5.9,4.81,Mechanical Designer
7.47,6.69,3.58,4.69,4.14,4.92,4.45,1.43,5.74,4.67,Mechanical Designer
7.79,8.68,4.79,5.9,5.35,5.81,4.85,1.87,6.5,5.08,Mechanical Designer
8.68,7.9,4.79,5.9,5.35,5.76,5.3,1.56,6.71,5.52,Mechanical Designer
8.48,7.7,4.59,5.7,5.15,5.62,5.16,1.54,6.55,5.38,Mechanical Designer
6.78,7.23,3.89,5.12,4.67,7.01,4.51,4.28,5.73,6.18,Mechanical Engineer
6.58,7.03,3.69,4.92,4.47,6.81,4.31,4.08,5.53,5.98,Mechanical Engineer
7.43,7.87,4.43,5.65,5.09,7.65,5.04,4.76,6.26,6.76,Mechanical Engineer
6.78,7.23,3.89,5.12,4.67,4.93,4.17,1.49,5.56,4.41,Mechanical Engineer
6.58,7.03,3.69,4.92,4.47,4.79,4.03,1.47,5.4,4.27,Mechanical Engineer
7.43,7.87,4.43,5.65,5.09,5.38,4.6,1.62,6.08,4.85,Mechanical Engineer
7.79,8.24,4.9,6.13,5.68,5.63,4.88,1.59,6.37,5.12,Mechanical Engineer
7.59,8.04,4.7,5.93,5.48,5.49,4.74,1.57,6.21,4.98,Mechanical Engineer
8.44,8.88,5.44,6.66,6.1,6.08,5.31,1.72,6.88,5.55,Mechanical Engineer
4.01,8.23,6.67,9.34,5.12,5.2,4.05,1.86,5.28,4.37,Nurse
4,8.24,6.66,9.35,5.11,5.21,4.04,1.87,5.27,4.38,Nurse
4.02,8.22,6.68,9.33,5.13,5.19,4.06,1.85,5.29,4.36,Nurse
4,8.22,6.66,9.33,5.11,5.19,4.04,1.85,5.27,4.36,Nurse
4.02,8.24,6.68,9.35,5.13,5.21,4.06,1.87,5.29,4.38,Nurse
4.01,8.23,6.67,9.34,5.12,4.5,3.34,1.76,4.47,3.87,Nurse
4,8.24,6.66,9.35,5.11,4.51,3.33,1.77,4.46,3.88,Nurse
4.02,8.22,6.68,9.33,5.13,4.49,3.35,1.75,4.48,3.86,Nurse
4,8.22,6.66,9.33,5.11,4.49,3.33,1.75,4.46,3.86,Nurse
4.02,8.24,6.68,9.35,5.13,4.51,3.35,1.77,4.48,3.88,Nurse
5.02,9.24,7.68,9.3,6.13,5.2,4.05,1.86,5.28,4.37,Nurse
5.01,9.25,7.67,9.31,6.12,5.21,4.04,1.87,5.27,4.38,Nurse
5.03,9.23,7.69,9.29,6.14,5.19,4.06,1.85,5.29,4.36,Nurse
5.01,9.23,7.67,9.29,6.12,5.19,4.04,1.85,5.27,4.36,Nurse
5.03,9.25,7.69,9.31,6.14,5.21,4.06,1.87,5.29,4.38,Nurse
7.01,7.78,5.23,9.12,6.01,7.4,7.18,5.62,6.51,8.45,Occupational Therapist
7.21,7.98,5.43,9.32,6.21,7.6,7.38,5.82,6.71,8.65,Occupational Therapist
7.01,7.78,5.23,9.12,6.01,5.22,4.55,1.31,5.84,5.33,Occupational Therapist
7.21,7.98,5.43,9.32,6.21,5.36,4.69,1.33,6,5.47,Occupational Therapist
8.02,8.79,6.24,10.13,7.02,5.92,5.26,1.41,6.65,6.04,Occupational Therapist
8.22,8.99,7.5,9.21,7.22,6.06,5.61,1.43,6.81,5.95,Occupational Therapist
7.65,7.32,4.87,8.87,6.54,7.49,6.87,5.71,7.1,8.1,Park Rangers
7.65,7.32,4.87,8.87,6.54,5.22,4.8,0.97,6.02,5.6,Park Rangers
8.66,8.33,5.88,9.88,7.55,5.93,5.51,1.07,6.83,6.31,Park Rangers
6.01,7.78,5.23,9.34,6.45,6.9,7.29,5.84,6.23,8.56,Pediatric Nurse
6.21,7.98,5.43,9.54,6.65,7.1,7.49,6.04,6.43,8.76,Pediatric Nurse
6.01,7.78,5.23,9.34,6.45,4.92,4.05,1.18,5.34,4.87,Pediatric Nurse
6.21,7.98,5.43,9.54,6.65,5.06,4.19,1.2,5.5,5.01,Pediatric Nurse
7.02,8.79,6.24,9.23,7.46,5.62,4.76,1.28,6.15,5.36,Pediatric Nurse
7.22,8.99,6.44,7.34,7.66,5.76,4.9,1.3,6.31,5.08,Pediatric Nurse
6.01,8.45,5.23,9.34,6.45,7.23,7.29,5.84,6.23,8.9,Pediatrician
6.21,8.65,5.43,9.54,6.65,7.43,7.49,6.04,6.43,9.1,Pediatrician
6.01,8.45,5.23,9.34,6.45,5.18,4.05,1.45,5.54,4.87,Pediatrician
6.21,8.65,5.43,9.54,6.65,5.32,4.19,1.47,5.7,5.01,Pediatrician
7.02,9.46,6.24,8.23,7.46,5.89,4.76,1.55,6.35,5.16,Pediatrician
7.22,9.66,5.98,8.2,7.66,6.03,4.81,1.57,6.51,5.25,Pediatrician
7.78,7.34,5.23,9.12,6.01,7.56,7.18,5.62,6.9,8.23,Physical Therapist
4.32,8.12,5.23,9.12,6.01,6.22,7.18,5.62,5.17,8.62,Physical Therapist
4.12,7.92,5.03,8.92,5.81,6.02,6.98,5.42,4.97,8.42,Physical Therapist
7.78,7.34,5.23,9.12,6.01,5.27,4.94,1.13,6.09,5.71,Physical Therapist
4.32,8.12,5.23,9.12,6.01,4.54,3.21,1.45,4.6,3.98,Physical Therapist
4.12,7.92,5.03,8.92,5.81,4.4,3.07,1.43,4.44,3.84,Physical Therapist
8.79,8.35,6.24,10.13,7.02,5.98,5.64,1.23,6.9,6.42,Physical Therapist
5.33,9.13,6.24,10.13,7.02,5.25,3.91,1.55,5.4,4.69,Physical Therapist
5.13,8.93,6.04,9.56,6.82,5.11,3.77,1.53,5.24,4.48,Physical Therapist
2.67,8.78,7.67,8.45,6.45,5.73,8.06,7.06,4.56,8.62,Police Officer
2.87,8.98,7.87,8.65,6.65,5.93,8.26,7.26,4.76,8.82,Police Officer
2.67,8.78,7.67,8.45,6.45,4.31,2.87,1.58,3.97,3.03,Police Officer
2.87,8.98,7.87,8.65,6.65,4.45,3.01,1.6,4.13,3.17,Police Officer
3.68,9.79,8.68,9.46,7.46,5.02,3.58,1.68,4.78,3.73,Police Officer
3.88,9.99,8.88,9.66,7.66,5.16,3.72,1.7,4.94,3.87,Police Officer
8.78,8.34,7.45,6.45,5.45,8.56,6.95,6.45,7.12,7.4,Product Manager
8.98,8.54,7.65,6.65,5.65,8.76,7.15,6.65,7.32,7.6,Product Manager
8.78,8.34,7.45,6.45,5.45,5.97,5.88,1.7,6.89,5.68,Product Manager
8.98,8.54,7.65,6.65,5.65,6.11,6.02,1.72,7.05,5.82,Product Manager
9.79,9.35,8.46,7.46,6.46,6.68,6.59,1.8,7.7,6.39,Product Manager
8.34,9.55,8.66,7.66,6.66,6.32,5.9,1.82,7.04,5.7,Product Manager
8.78,7.67,4.45,5.12,6.01,8.23,4.79,5.23,7.4,6.4,Public Health Analyst
8.98,7.87,4.65,5.32,6.21,8.43,4.99,5.43,7.6,6.6,Public Health Analyst
8.78,7.67,4.45,5.12,6.01,5.7,5.28,1.27,6.69,5.41,Public Health Analyst
8.98,7.87,4.65,5.32,6.21,5.84,5.42,1.29,6.85,5.55,Public Health Analyst
9.79,8.68,5.46,6.13,7.02,6.41,5.99,1.37,7.5,6.12,Public Health Analyst
9.34,8.88,5.66,6.33,7.22,6.35,5.8,1.39,7.33,5.94,Public Health Analyst
6.67,7.34,8.45,7.89,5.45,7.01,8.17,6.95,6.06,7.62,Public Relations Manager
6.67,7.34,8.45,7.89,5.45,4.94,5.03,1.3,5.54,4.91,Public Relations Manager
7.68,8.35,9.46,8.9,6.46,5.64,5.73,1.4,6.35,5.62,Public Relations Manager
6.67,7.34,8.67,7.89,5.45,7.01,8.28,7.06,6.06,7.62,Public Relations Specialist
6.87,7.54,8.87,8.09,5.65,7.21,8.48,7.26,6.26,7.82,Public Relations Specialist
6.67,7.34,8.67,7.89,5.45,4.94,5.07,1.3,5.54,4.91,Public Relations Specialist
6.87,7.54,8.87,8.09,5.65,5.08,5.21,1.32,5.7,5.05,Public Relations Specialist
7.68,8.35,9.68,8.9,6.46,5.64,5.78,1.4,6.35,5.62,Public Relations Specialist
7.88,8.55,9.88,9.1,6.66,5.78,5.92,1.42,6.51,5.76,Public Relations Specialist
6.01,8.45,3.78,4.01,4.67,7.23,3.9,4.23,5.34,6.23,Quality Control Inspector
6.21,8.65,3.98,4.21,4.87,7.43,4.1,4.43,5.54,6.43,Quality Control Inspector
6.01,8.45,3.78,4.01,4.67,5.18,3.76,1.98,5.54,3.81,Quality Control Inspector
6.21,8.65,3.98,4.21,4.87,5.32,3.9,2,5.7,3.95,Quality Control Inspector
7.02,9.46,4.79,5.02,5.68,5.89,4.47,2.08,6.35,4.51,Quality Control Inspector
7.22,9.66,4.99,5.22,5.88,6.03,4.61,2.1,6.51,4.65,Quality Control Inspector
5.23,7.67,4.67,8.56,8.12,6.45,6.62,6.4,6.68,8.12,Radiologic Technologist
5.43,7.87,4.87,8.76,8.32,6.65,6.82,6.6,6.88,8.32,Radiologic Technologist
5.23,7.67,4.67,8.56,8.12,4.64,3.55,0.63,4.92,4.33,Radiologic Technologist
5.43,7.87,4.87,8.76,8.32,4.78,3.69,0.65,5.08,4.47,Radiologic Technologist
6.24,8.68,5.68,9.57,9.13,5.34,4.26,0.73,5.72,5.03,Radiologic Technologist
6.44,8.88,5.88,9.77,5.6,5.48,4.4,1.87,5.88,5.17,Radiologic Technologist
6.01,7.78,5.23,9.34,6.45,6.9,7.29,5.84,6.23,8.56,Rehabilitation Counselor
6.21,7.98,5.43,9.54,6.65,7.1,7.49,6.04,6.43,8.76,Rehabilitation Counselor
6.01,7.78,5.23,9.34,6.45,4.92,4.05,1.18,5.34,4.87,Rehabilitation Counselor
6.21,7.98,5.43,9.54,6.65,5.06,4.19,1.2,5.5,5.01,Rehabilitation Counselor
7.02,8.79,6.24,7.23,7.46,5.62,4.76,1.28,6.15,4.96,Rehabilitation Counselor
7.22,8.99,7.2,7.4,7.66,5.76,5.05,1.3,6.31,5.09,Rehabilitation Counselor
9.12,8.78,4.23,5.67,4.56,8.95,4.95,4.4,6.84,7.23,Research Scientist
9.12,8.78,4.23,5.67,4.56,6.25,5.41,2.14,7.19,5.69,Research Scientist
9.2,9.79,5.24,6.68,5.57,6.68,5.65,2.25,7.54,5.94,Research Scientist
7.34,7.67,4.23,5.23,4.67,7.51,4.73,4.45,6.01,6.45,Robotics Engineer
7.54,7.87,4.43,5.43,4.87,7.71,4.93,4.65,6.21,6.65,Robotics Engineer
7.34,7.67,4.23,5.23,4.67,5.27,4.52,1.67,5.97,4.72,Robotics Engineer
7.54,7.87,4.43,5.43,4.87,5.41,4.66,1.69,6.13,4.86,Robotics Engineer
8.35,8.68,5.24,6.24,5.68,5.98,5.22,1.77,6.78,5.42,Robotics Engineer
8.55,8.88,5.44,6.44,5.88,6.12,5.36,1.79,6.94,5.56,Robotics Engineer
6.12,6.78,9.34,7.56,5.01,6.45,8.45,7.18,5.57,7.17,Salesperson
6.12,6.78,9.34,7.56,5.01,4.55,4.93,1.21,5.09,4.57,Salesperson
7.13,7.79,7.2,8.57,6.02,5.26,5.01,1.31,5.9,5.28,Salesperson
6.67,7.34,8.45,7.89,5.45,7.01,8.17,6.95,6.06,7.62,Social Media Manager
6.47,7.14,8.25,7.69,5.25,6.81,7.97,6.75,5.86,7.42,Social Media Manager
6.67,7.34,8.45,7.89,5.45,4.94,5.03,1.3,5.54,4.91,Social Media Manager
6.47,7.14,8.25,7.69,5.25,4.8,4.89,1.28,5.38,4.77,Social Media Manager
7.68,8.35,9.46,8.9,6.46,5.64,5.73,1.4,6.35,5.62,Social Media Manager
7.48,8.15,9.26,8.7,6.26,5.5,5.59,1.38,6.19,5.48,Social Media Manager
7.01,7.78,5.23,9.12,6.01,7.4,7.18,5.62,6.51,8.45,Special Need Education Teacher
4.32,8.12,5.23,9.12,6.01,6.22,7.18,5.62,5.17,8.62,Special Need Education Teacher
7.01,7.78,5.23,9.12,6.01,5.22,4.55,1.31,5.84,5.33,Special Need Education Teacher
4.32,8.12,5.23,9.12,6.01,4.54,3.21,1.45,4.6,3.98,Special Need Education Teacher
8.02,8.79,6.24,10.13,7.02,5.92,5.26,1.41,6.65,6.04,Special Need Education Teacher
5.33,9.13,6.24,10.13,7.02,5.25,3.91,1.55,5.4,4.69,Special Need Education Teacher
6.01,7.78,5.23,9.34,6.45,6.9,7.29,5.84,6.23,8.56,Speech Pathologist
6.21,7.98,5.43,9.54,6.65,7.1,7.49,6.04,6.43,8.76,Speech Pathologist
7.78,7.34,5.23,9.12,6.01,7.56,7.18,5.62,6.9,8.23,Speech Pathologist
6.01,7.78,5.23,9.34,6.45,4.92,4.05,1.18,5.34,4.87,Speech Pathologist
6.21,7.98,5.43,9.54,6.65,5.06,4.19,1.2,5.5,5.01,Speech Pathologist
7.78,7.34,5.23,9.12,6.01,5.27,4.94,1.13,6.09,5.71,Speech Pathologist
7.02,8.79,6.24,8.2,7.46,5.62,4.76,1.28,6.15,5.15,Speech Pathologist
7.22,8.99,6.34,7.98,7.66,5.76,4.88,1.3,6.31,5.21,Speech Pathologist
8.79,8.35,6.24,10.13,7.02,5.98,5.64,1.23,6.9,6.42,Speech Pathologist
7.78,7.34,5.23,9.12,6.01,7.56,7.18,5.62,6.9,8.23,Speech Therapist
7.58,7.14,5.03,8.92,5.81,7.36,6.98,5.42,6.7,8.03,Speech Therapist
7.78,7.34,5.23,9.12,6.01,5.27,4.94,1.13,6.09,5.71,Speech Therapist
7.58,7.14,5.03,8.92,5.81,5.13,4.8,1.11,5.93,5.57,Speech Therapist
8.79,8.35,6.24,10.13,7.02,5.98,5.64,1.23,6.9,6.42,Speech Therapist
8.59,8.15,6.04,8.2,6.82,5.84,5.5,1.21,6.74,5.94,Speech Therapist
6.78,7.67,8.45,8.23,6.45,7.23,8.34,7.45,6.62,7.95,Sports Coach
6.98,7.87,8.65,8.43,6.65,7.43,8.54,7.65,6.82,8.15,Sports Coach
6.78,7.67,8.45,8.23,6.45,5.1,5.08,1.13,5.69,5.04,Sports Coach
6.98,7.87,8.65,8.43,6.65,5.24,5.22,1.15,5.85,5.18,Sports Coach
7.79,8.68,9.46,9.24,7.46,5.81,5.79,1.23,6.5,5.74,Sports Coach
7.99,8.88,9.66,9.44,7.66,5.95,5.93,1.25,6.66,5.88,Sports Coach
7.67,9.23,4.23,7.34,6.45,8.45,5.79,5.34,7.06,8.29,Tax Accountant
7.87,9.43,4.43,7.54,6.65,8.65,5.99,5.54,7.26,8.49,Tax Accountant
7.67,9.23,4.23,7.34,6.45,5.99,4.68,1.76,6.6,5.3,Tax Accountant
7.87,9.43,4.43,7.54,6.65,6.13,4.82,1.78,6.76,5.44,Tax Accountant
8.68,7.6,5.24,8.35,7.46,5.64,5.39,0.8,6.62,6.01,Tax Accountant
8.88,7.65,5.44,8.55,7.66,5.72,5.53,0.76,6.74,6.15,Tax Accountant
6.78,8.45,3.45,6.45,5.45,7.62,4.95,4.45,6.12,7.45,Tax Collector
6.98,8.65,3.65,6.65,5.65,7.82,5.15,4.65,6.32,7.65,Tax Collector
6.67,8.93,3.45,5.6,2.43,7.8,4.53,2.94,4.55,7.27,Tax Collector
6.78,8.45,3.45,6.45,5.45,5.41,4.08,1.75,5.93,4.68,Tax Collector
6.98,8.65,3.65,6.65,5.65,5.55,4.22,1.77,6.09,4.82,Tax Collector
6.67,8.93,3.45,5.6,2.43,5.57,4.03,2.84,6.01,4.46,Tax Collector
7.79,9.46,4.46,7.46,6.46,6.12,4.79,1.85,6.73,5.39,Tax Collector
7.99,9.66,4.66,7.66,6.66,6.26,4.93,1.87,6.89,5.53,Tax Collector
7.68,9.65,4.46,6.61,3.44,6.16,4.73,2.83,6.74,5.16,Tax Collector
7.67,8.78,5.45,7.45,6.01,8.23,6.45,5.73,6.84,8.12,Technical Writer
7.87,8.98,5.65,7.65,6.21,8.43,6.65,5.93,7.04,8.32,Technical Writer
7.67,8.78,5.45,7.45,6.01,5.81,4.93,1.71,6.47,5.33,Technical Writer
7.87,8.98,5.65,7.65,6.21,5.95,5.07,1.73,6.63,5.47,Technical Writer
8.68,9.79,6.46,8.46,7.02,6.52,5.63,1.81,7.28,6.03,Technical Writer
8.88,8.7,6.66,8.66,7.22,6.14,5.77,1.31,7.05,6.17,Technical Writer
7.34,6.98,3.67,5.23,4.67,7.16,4.45,4.17,6.01,6.11,Transportation Planner
7.34,6.98,3.67,5.23,4.67,4.99,4.4,1.39,5.76,4.72,Transportation Planner
7.34,6.97,3.67,5.22,4.67,4.98,4.4,1.38,5.76,4.71,Transportation Planner
7.33,6.99,3.66,5.24,4.66,4.97,4.41,1.4,5.77,4.73,Transportation Planner
7.35,6.99,3.68,5.24,4.68,4.97,4.41,1.4,5.77,4.73,Transportation Planner
7.33,6.97,3.66,5.22,4.66,4.98,4.41,1.38,5.77,4.71,Transportation Planner
6.78,7.34,3.67,5.23,4.67,7.06,4.45,4.17,5.73,6.29,Urban Planner
7.34,6.98,3.67,5.23,4.67,7.16,4.45,4.17,6.01,6.11,Urban Planner
7.14,6.78,3.47,5.03,4.47,6.96,4.25,3.97,5.81,5.91,Urban Planner
6.78,7.34,3.67,5.23,4.67,4.97,4.12,1.54,5.59,4.44,Urban Planner
7.34,6.98,3.67,5.23,4.67,4.99,4.4,1.39,5.76,4.72,Urban Planner
7.14,6.78,3.47,5.03,4.47,4.85,4.26,1.37,5.6,4.58,Urban Planner
7.79,8.35,4.68,6.24,5.68,5.68,4.83,1.64,6.4,5.14,Urban Planner
8.35,7.99,4.68,6.24,5.68,5.7,5.11,1.49,6.57,5.42,Urban Planner
8.15,7.79,4.48,6.04,5.48,5.56,4.97,1.47,6.41,5.28,Urban Planner
8.78,4.23,7.67,7.45,6.45,6.51,7.56,7.06,7.62,5.84,Video Game Tester
8.98,4.43,7.87,7.65,6.65,6.71,7.76,7.26,7.82,6.04,Video Game Tester
8.78,4.23,7.67,7.45,6.45,4.33,5.92,0.24,5.66,5.88,Video Game Tester
8.98,4.43,7.87,7.65,6.65,4.47,6.06,0.22,5.82,6.02,Video Game Tester
9.79,5.24,8.68,8.46,7.46,5.03,6.63,0.14,6.47,6.59,Video Game Tester
9.4,5.44,8.88,8.66,7.66,5,6.48,0.12,6.33,6.43,Video Game Tester
8.67,7.78,5.67,4.23,6.45,8.23,4.95,6.06,7.56,6.01,Web Developer
9.23,8.23,5.67,4.23,6.45,8.73,4.95,6.06,7.84,6.23,Web Developer
9.03,8.03,5.47,4.03,6.25,8.53,4.75,5.86,7.64,6.03,Web Developer
8.67,7.78,5.67,4.23,6.45,5.71,5.47,1.18,6.67,5.18,Web Developer
9.23,8.23,5.67,4.23,6.45,6.06,5.75,1.36,7.08,5.46,Web Developer
9.03,8.03,5.47,4.03,6.25,5.92,5.61,1.34,6.92,5.32,Web Developer
9.68,8.79,6.68,5.24,7.46,6.42,6.18,1.28,7.48,5.89,Web Developer
9.45,9.24,6.68,5.24,7.46,6.53,6.06,1.46,7.5,5.77,Web Developer
9.67,9.04,6.48,5.04,7.26,6.52,6.13,1.44,7.55,5.84,Web Developer
8.78,7.67,4.45,5.12,6.01,8.23,4.79,5.23,7.4,6.4,Wildlife Biologist
8.91,7.67,4.45,7.23,5.78,8.29,5.84,5.12,7.35,7.45,Wildlife Biologist
8.71,7.47,4.25,7.03,5.58,8.09,5.64,4.92,7.15,7.25,Wildlife Biologist
8.78,7.67,4.45,5.12,6.01,5.7,5.28,1.27,6.69,5.41,Wildlife Biologist
8.91,7.67,4.45,7.23,5.78,5.74,5.35,1.33,6.76,5.9,Wildlife Biologist
8.71,7.47,4.25,7.03,5.58,5.6,5.21,1.31,6.6,5.76,Wildlife Biologist
9.79,8.68,5.46,6.13,7.02,6.41,5.99,1.37,7.5,6.12,Wildlife Biologist
8.45,8.68,5.46,8.24,6.79,6.01,5.32,1.44,6.83,5.87,Wildlife Biologist
9.72,8.48,5.26,8.04,6.59,6.31,5.91,1.42,7.4,6.47,Wildlife Biologist
8.89,7.67,4.45,5.12,6.01,8.28,4.79,5.23,7.45,6.4,Wildlife Conservationist
9.09,7.87,4.65,5.32,6.21,8.48,4.99,5.43,7.65,6.6,Wildlife Conservationist
8.89,7.67,4.45,5.12,6.01,5.74,5.34,1.27,6.75,5.47,Wildlife Conservationist
9.09,7.87,4.65,5.32,6.21,5.88,5.48,1.29,6.91,5.61,Wildlife Conservationist
8.23,8.68,5.46,6.13,7.02,5.94,5.21,1.37,6.72,5.34,Wildlife Conservationist
9.12,8.88,5.66,6.33,7.22,6.29,5.69,1.39,7.22,5.83,Wildlife Conservationist
8.78,7.67,4.45,5.12,6.01,8.23,4.79,5.23,7.4,6.4,Zoologist
8.77,7.68,4.44,5.13,6.03,8.24,4.78,5.22,7.41,6.4,Zoologist
8.78,7.67,4.45,5.12,6.01,5.7,5.28,1.27,6.69,5.41,Zoologist
8.77,7.66,4.44,5.11,6.02,5.69,5.27,1.26,6.68,5.42,Zoologist
9.78,8.67,5.45,6.12,7.01,6.4,5.98,1.36,7.49,6.11,Zoologist
9.79,8.68,5.46,6.13,7.02,6.41,5.99,1.37,7.5,6.12,Zoologist
8.87,8.32,4.21,5.43,4.87,8.6,4.82,4.54,6.87,6.88,Conservation Therapists
8.88,8.31,4.22,5.42,4.88,8.59,4.83,4.53,6.88,6.87,Conservation Therapists
8.86,8.33,4.2,5.44,4.86,8.61,4.81,4.55,6.86,6.89,Conservation Therapists
8.88,8.33,4.22,5.44,4.88,8.61,4.83,4.55,6.88,6.89,Conservation Therapists
8.86,8.31,4.2,5.42,4.86,8.59,4.81,4.53,6.86,6.87,Conservation Therapists
8.87,8.32,4.21,5.43,4.87,7.06,4.4,3.84,4.84,7.01,Conservation Therapists
8.88,8.31,4.22,5.42,4.88,7.07,4.39,3.85,4.83,7.02,Conservation Therapists
8.86,8.33,4.2,5.44,4.86,7.05,4.41,3.83,4.85,7,Conservation Therapists
8.88,8.33,4.22,5.44,4.88,7.05,4.39,3.83,4.83,7,Conservation Therapists
8.86,8.31,4.2,5.42,4.86,7.07,4.41,3.85,4.85,7.02,Conservation Therapists
9.88,9.33,5.22,6.44,5.88,6.7,5.98,1.97,7.74,6.23,Conservation Therapists
9.89,9.32,5.23,6.43,5.89,6.69,5.99,1.96,7.75,6.22,Conservation Therapists
9.87,9.34,5.21,6.45,5.87,6.71,5.97,1.98,7.73,6.24,Conservation Therapists
9.89,9.34,5.23,6.45,5.89,6.71,5.99,1.98,7.75,6.24,Conservation Therapists
9.87,9.32,5.21,6.43,5.87,6.69,5.97,1.96,7.73,6.22,Conservation Therapists
9.59,8.48,5.26,5.93,6.82,6.27,5.85,1.35,7.34,5.98,Zoologist
9.58,8.47,5.25,5.92,6.81,6.26,5.84,1.34,7.32,5.98,Zoologist
8.58,7.47,4.25,4.92,5.81,5.56,5.14,1.25,6.53,5.27,Zoologist
8.57,7.46,4.24,4.91,5.8,5.55,5.13,1.24,6.52,5.26,Zoologist
8.58,7.47,4.25,4.92,5.81,8.03,4.59,5.03,7.2,6.2,Zoologist
8.57,7.46,4.24,4.91,5.82,8.02,4.58,5.02,7.19,6.19,Zoologist
8.34,9.24,6.68,5.24,7.46,6.2,5.51,1.46,6.94,5.22,UI/UX Designer
8.35,9.23,6.69,5.24,7.47,6.2,5.52,1.46,6.95,5.22,UI/UX Designer
8.33,9.24,6.68,5.23,7.46,6.19,5.51,1.45,6.94,5.23,UI/UX Designer
8.35,9.25,6.69,5.25,7.47,6.21,5.52,1.47,6.95,5.23,UI/UX Designer
8.33,9.23,6.67,5.23,7.45,6.19,5.5,1.45,6.93,5.21,UI/UX Designer
9.23,8.23,5.67,4.23,6.45,6.06,5.75,1.36,7.08,5.46,UI/UX Designer
9.24,8.22,5.68,4.22,6.46,6.05,5.76,1.35,7.09,5.45,UI/UX Designer
9.22,8.24,5.66,4.24,6.44,6.07,5.74,1.37,7.07,5.47,UI/UX Designer
9.24,8.24,5.68,4.24,6.46,6.07,5.76,1.37,7.09,5.47,UI/UX Designer
9.22,8.22,5.66,4.22,6.44,6.05,5.74,1.35,7.07,5.45,UI/UX Designer
9.23,8.23,5.67,4.23,6.45,8.73,4.95,6.06,7.84,6.23,UI/UX Designer
9.24,8.22,5.68,4.22,6.46,8.72,4.96,6.05,7.85,6.22,UI/UX Designer
9.22,8.23,5.66,4.23,6.44,8.73,4.94,6.06,7.83,6.24,UI/UX Designer
9.24,8.24,5.68,4.24,6.46,8.74,4.96,6.07,7.85,6.24,UI/UX Designer
9.22,8.22,5.66,4.22,6.44,8.72,4.94,6.05,7.83,6.22,UI/UX Designer
8.35,7.99,4.68,6.24,5.68,5.7,5.11,1.49,6.57,5.42,Transportation Planner
8.35,7.97,4.68,6.23,5.68,5.69,5.11,1.48,6.57,5.41,Transportation Planner
8.36,8,4.67,6.25,5.67,5.71,5.1,1.5,6.56,5.43,Transportation Planner
8.36,8,4.69,6.25,5.69,5.71,5.12,1.5,6.58,5.43,Transportation Planner
8.36,7.97,4.67,6.23,5.67,5.69,5.1,1.48,6.56,5.41,Transportation Planner
7.99,9.66,8.55,6.66,7.22,6.26,5.71,1.7,6.89,5.33,Teachnical Project Manager
7.99,9.65,8.55,6.65,7.22,6.25,5.71,1.69,6.89,5.32,Teachnical Project Manager
7.98,9.68,8.54,6.67,7.21,6.27,5.7,1.72,6.88,5.34,Teachnical Project Manager
7.97,9.68,8.56,6.67,7.23,6.27,5.72,1.72,6.9,5.34,Teachnical Project Manager
7.98,9.65,8.54,6.65,7.21,6.25,5.7,1.69,6.88,5.32,Teachnical Project Manager
6.98,8.65,7.54,5.65,6.21,5.55,5,1.6,6.09,4.62,Teachnical Project Manager
6.98,8.64,7.54,5.64,6.21,5.54,5,1.59,6.09,4.61,Teachnical Project Manager
6.97,8.66,7.53,5.66,6.2,5.56,4.99,1.61,6.08,4.63,Teachnical Project Manager
6.99,8.66,7.55,5.66,6.22,5.56,5.01,1.61,6.1,4.63,Teachnical Project Manager
6.97,8.64,7.53,5.64,6.2,5.54,4.99,1.59,6.08,4.61,Teachnical Project Manager
6.98,8.65,7.54,5.65,6.21,7.82,6.6,6.88,6.6,7.15,Teachnical Project Manager
6.98,8.64,7.54,5.64,6.21,7.81,6.6,6.87,6.6,7.14,Teachnical Project Manager
6.97,8.66,7.53,5.66,6.2,7.83,6.59,6.89,6.59,7.16,Teachnical Project Manager
6.99,8.66,7.55,5.66,6.22,7.83,6.61,6.89,6.61,7.16,Teachnical Project Manager
6.97,8.64,7.53,5.64,6.2,7.81,6.59,6.87,6.59,7.14,Teachnical Project Manager
7.46,8.57,6.68,10.13,5.24,5.67,5.07,1.86,6.3,5.76,Teachnical Project Manaher
7.46,8.56,6.68,10.12,5.24,5.66,5.07,1.85,6.3,5.75,Teachnical Project Manaher
7.45,8.57,6.67,10.13,5.23,5.67,5.06,1.86,6.29,5.76,Teachnical Project Manaher
7.46,8.57,6.68,10.13,5.24,5.67,5.07,1.86,6.3,5.76,Teachnical Project Manaher
7.45,8.56,6.67,10.12,5.23,5.66,5.06,1.85,6.29,5.75,Teachnical Project Manaher
6.45,7.56,5.67,9.12,4.23,7.01,7.4,4.95,5.34,8.34,Teacher
6.44,7.57,5.66,9.11,4.24,7,7.3,4.94,5.33,8.33,Teacher
6.45,7.55,5.66,9.11,4.22,7.02,7.5,4.94,5.33,8.35,Teacher
6.45,7.56,5.67,9.12,4.23,7.01,7.4,4.95,5.34,8.34,Teacher
6.44,7.55,5.66,9.11,4.22,7,7.3,4.94,5.33,8.33,Teacher
9.79,9.34,6.46,6.24,5.68,6.67,6.19,2.03,7.7,6.14,Game Tester
9.78,9.35,6.45,6.23,5.69,6.65,6.18,2.02,7.6,6.13,Game Tester
9.79,9.33,6.45,6.23,5.67,6.68,6.2,2.02,7.6,6.15,Game Tester
9.79,9.34,6.46,6.24,5.68,6.67,6.19,2.03,7.7,6.14,Game Tester
9.78,9.33,6.45,6.23,5.67,6.65,6.18,2.02,7.6,6.13,Game Tester
8.78,9.34,5.45,5.23,4.67,6.37,5.48,2.34,7.19,5.44,Game Tester
8.77,9.35,5.44,5.22,4.68,6.36,5.47,2.33,7.18,5.43,Game Tester
8.78,9.33,5.44,5.22,4.66,6.38,5.49,2.33,7.18,5.45,Game Tester
8.78,9.34,5.45,5.23,4.67,6.37,5.48,2.34,7.19,5.44,Game Tester
8.77,9.33,5.44,5.22,4.66,6.36,5.47,2.33,7.18,5.43,Game Tester
8.78,9.34,5.45,5.23,4.67,9.06,5.34,5.06,6.73,7.29,Game Tester
8.77,9.35,5.44,5.22,4.68,9.05,5.33,5.05,6.72,7.28,Game Tester
8.78,9.33,5.44,5.22,4.66,9.07,5.35,5.05,6.72,7.3,Game Tester
8.78,9.34,5.45,5.23,4.67,9.06,5.34,5.06,6.73,7.29,Game Tester
8.77,9.33,5.44,5.22,4.66,9.05,5.33,5.05,6.72,7.28,Game Tester
9.79,6.68,5.57,7.46,5.24,5.61,6.01,1.1,6.9,6.39,Graphic Designer
9.78,6.69,5.57,7.45,5.25,5.6,6,1,6.8,6.38,Graphic Designer
9.79,6.65,5.57,7.45,5.23,5.62,6.02,1,6.8,6.4,Graphic Designer
9.79,6.68,5.57,7.46,5.24,5.61,6.01,1.1,6.9,6.39,Graphic Designer
9.78,6.65,5.57,7.45,5.23,5.6,6,1,6.8,6.38,Graphic Designer
8.78,5.67,4.56,6.45,4.23,4.9,5.3,1,6.09,5.68,Graphic Designer
8.77,5.68,4.55,6.44,4.24,4.8,5.2,0.9,6.08,5.67,Graphic Designer
8.78,5.65,4.55,6.44,4.22,5,5.4,0.9,6.08,5.69,Graphic Designer
8.78,5.67,4.56,6.45,4.23,4.9,5.3,1,6.09,5.68,Graphic Designer
8.77,5.65,4.55,6.44,4.22,4.8,5.2,0.9,6.08,5.67,Graphic Designer
8.78,5.67,4.56,6.45,4.23,7.23,5.51,4.4,6.51,6.06,Graphic Designer
8.77,5.68,4.55,6.44,4.24,7.22,5.5,4.3,6.5,6.05,Graphic Designer
8.78,5.66,4.55,6.44,4.22,7.24,5.52,4.3,6.5,6.07,Graphic Designer
8.78,5.67,4.56,6.45,4.23,7.23,5.51,4.4,6.51,6.06,Graphic Designer
8.77,5.66,4.55,6.44,4.22,7.22,5.5,4.3,6.5,6.05,Graphic Designer
7.46,7.68,8.02,9.13,6.57,5.31,5.33,1.1,6.03,5.56,HR Recruiter
7.45,7.69,8.01,9.12,6.58,5.3,5.32,1,6.02,5.55,HR Recruiter
7.46,7.66,8.01,9.12,9.56,5.32,5.34,1,6.02,5.57,HR Recruiter
7.46,7.68,8.02,9.13,6.57,5.31,5.33,1.1,6.03,5.56,HR Recruiter
7.45,7.66,8.01,9.12,9.56,5.3,5.32,1,6.02,5.55,HR Recruiter
6.45,6.67,7.01,8.12,5.56,4.6,4.63,1,5.23,4.85,HR Recruiter
6.44,6.68,7,8.11,5.57,4.5,4.62,0.9,5.22,4.84,HR Recruiter
6.45,6.66,7,8.11,5.55,4.61,4.64,0.9,5.22,4.86,HR Recruiter
6.45,6.67,7.01,8.12,5.56,4.6,4.63,1,5.23,4.85,HR Recruiter
6.44,6.66,7,8.11,5.55,4.5,4.62,0.9,5.22,4.84,HR Recruiter
6.45,6.67,7.01,8.12,5.56,6.56,7.57,6.29,6.01,7.4,HR Recruiter
6.44,6.68,7,8.11,5.57,6.55,7.56,6.28,6,7.3,HR Recruiter
6.45,6.66,7,8.11,5.55,6.57,7.58,6.28,6,7.41,HR Recruiter
6.45,6.67,7.01,8.12,5.56,6.56,7.57,6.29,6.01,7.4,HR Recruiter
6.44,6.66,7,8.11,5.55,6.55,7.56,6.28,6,7.3,HR Recruiter
6.24,8.13,8.35,9.46,7.46,5.12,4.79,1.01,5.56,5.01,Human Resources Manager
6.23,8.14,8.34,9.45,7.47,5.11,4.78,1,5.55,5,Human Resources Manager
6.24,8.12,8.34,9.45,7.45,5.13,4.8,1,5.55,5.02,Human Resources Manager
6.24,8.13,8.35,9.46,7.46,5.12,4.79,1.01,5.56,5.01,Human Resources Manager
6.23,8.12,8.34,9.45,7.45,5.11,4.78,1,5.55,5,Human Resources Manager
5.23,7.12,7.34,8.45,6.45,4.42,4.08,0.91,4.75,4.31,Human Resources Manager
5.22,7.13,7.33,8.44,6.46,4.41,4.07,0.9,4.74,4.3,Human Resources Manager
5.23,7.11,7.33,8.44,6.44,4.43,4.09,0.9,4.74,4.31,Human Resources Manager
5.23,7.12,7.34,8.45,6.45,4.42,4.08,0.91,4.75,4.31,Human Resources Manager
5.22,7.11,7.33,8.44,6.44,4.41,4.07,0.9,4.74,4.3,Human Resources Manager
5.23,7.12,7.34,8.45,6.45,6.18,7.9,6.9,5.84,7.79,Human Resources Manager
5.22,7.13,7.33,8.44,6.46,6.17,7.8,6.8,5.83,7.78,Human Resources Manager
5.23,7.11,7.33,8.44,6.44,6.19,7.91,6.8,5.83,7.8,Human Resources Manager
5.23,7.12,7.34,8.45,6.45,6.18,7.9,6.9,5.84,7.79,Human Resources Manager
5.22,7.11,7.33,8.44,6.44,6.17,7.8,6.8,5.83,7.78,Human Resources Manager
8.57,8.02,5.68,7.1,7.35,5.78,5.42,1,6.69,5.71,Social Worker
8.56,8.03,5.67,7,7.36,5.76,5.41,0.9,6.68,5.7,Social Worker
8.57,8.01,5.67,7,7.35,5.79,5.43,0.9,6.68,5.72,Social Worker
8.57,8.02,5.68,7.1,7.35,5.78,5.42,1,6.69,5.71,Social Worker
8.56,8.01,5.67,7,7.35,5.76,5.41,0.9,6.68,5.7,Social Worker
7.56,7.01,4.67,9.23,6.34,5.07,4.71,0.9,5.88,5.63,Social Worker
7.55,7.02,4.66,9.22,6.35,5.06,4.7,0.8,5.87,5.62,Social Worker
7.56,7,4.66,9.22,6.33,5.08,4.72,0.8,5.87,5.63,Social Worker
7.56,7.01,4.67,9.23,6.34,5.07,4.71,0.9,5.88,5.63,Social Worker
7.55,7,4.66,9.22,6.33,5.06,4.7,0.8,5.87,5.62,Social Worker
7.56,7.01,4.67,9.23,6.34,7.29,6.95,5.51,6.95,8.12,Social Worker
7.55,7.02,4.66,9.22,6.35,7.28,6.94,5.5,6.94,8.11,Social Worker
7.56,7,4.66,9.22,6.33,7.3,6.96,5.5,6.94,8.13,Social Worker
7.56,7.01,4.67,9.23,6.34,7.29,6.95,5.51,6.95,8.12,Social Worker
7.55,7,4.66,9.22,6.33,7.28,6.94,5.5,6.94,8.11,Social Worker
9.87,9.11,5.02,6.24,4.11,6.61,5.94,2.41,7.67,6.18,Hydrologists
9.86,9.12,5.01,6.23,4.12,6.6,5.93,2.4,7.66,6.17,Hydrologists
9.87,9.1,5.01,6.23,4.1,6.62,5.95,2.4,7.66,6.19,Hydrologists
9.87,9.11,5.02,6.24,4.11,6.61,5.94,2.41,7.67,6.18,Hydrologists
9.86,9.1,5.01,6.23,4.1,6.6,5.93,2.4,7.66,6.17,Hydrologists
9.5,8.1,4.01,5.23,3.1,6.09,5.55,2.31,7.18,5.8,Hydrologists
9.4,8.11,4,5.22,3.11,6.08,5.54,2.3,7.17,5.7,Hydrologists
9.5,8,4,5.22,3,6.1,5.56,2.3,7.17,5.81,Hydrologists
9.5,8.1,4.01,5.23,3.1,6.09,5.55,2.31,7.18,5.8,Hydrologists
9.4,8,4,5.22,3,6.08,5.54,2.3,7.17,5.7,Hydrologists
9.5,8.1,4.01,5.23,3.1,8.8,4.62,3.56,6.3,6.67,Hydrologists
9.4,8.2,4,5.22,3.11,8.79,4.61,3.55,6.2,6.66,Hydrologists
9.5,8,4,5.22,3,8.81,4.63,3.55,6.2,6.68,Hydrologists
9.5,8.1,4.01,5.23,3.1,8.8,4.62,3.56,6.3,6.67,Hydrologists
9.4,8,4,5.22,3,8.79,4.61,3.55,6.2,6.66,Hydrologists
8.68,7.9,4.79,5.9,5.35,5.76,5.3,1.56,6.71,5.52,Industrial Designer
8.67,7.91,4.78,5.89,5.36,5.75,5.29,1.55,6.7,5.51,Industrial Designer
8.68,7.89,4.78,5.89,5.34,5.77,5.31,1.55,6.7,5.53,Industrial Designer
8.68,7.9,4.79,5.9,5.35,5.76,5.3,1.56,6.71,5.52,Industrial Designer
8.67,7.89,4.78,5.89,5.34,5.75,5.29,1.55,6.7,5.51,Industrial Designer
7.67,6.89,3.78,4.89,4.34,5.06,4.59,1.45,5.9,4.81,Industrial Designer
7.66,6.9,3.77,4.88,4.35,5.05,4.58,1.44,5.8,4.8,Industrial Designer
7.67,6.88,3.77,4.88,4.33,5.07,4.6,1.44,5.8,4.82,Industrial Designer
7.67,6.89,3.78,4.89,4.34,5.06,4.59,1.45,5.9,4.81,Industrial Designer
7.66,6.88,3.77,4.88,4.33,5.05,4.58,1.44,5.8,4.8,Industrial Designer
7.67,6.89,3.78,4.89,4.34,7.28,4.34,4.06,6.01,5.89,Industrial Designer
7.66,6.9,3.77,4.88,4.35,7.27,4.33,4.05,6,5.88,Industrial Designer
7.67,6.88,3.77,4.88,4.33,7.29,4.35,4.05,6,5.9,Industrial Designer
7.67,6.89,3.78,4.89,4.34,7.28,4.34,4.06,6.01,5.89,Industrial Designer
7.66,6.88,3.77,4.88,4.33,7.27,4.33,4.05,6,5.88,Industrial Designer
7.02,8.35,5.02,6.24,5.68,5.45,4.51,1.64,6.02,4.76,Industrial Designer
7.01,8.36,5.01,6.23,5.69,5.44,4.5,1.63,6.01,4.75,Industrial Designer
7.02,8.34,5.01,6.23,5.67,5.46,4.52,1.63,6.01,4.78,Industrial Designer
7.02,8.35,5.02,6.24,5.68,5.45,4.51,1.64,6.02,4.76,Industrial Designer
7.01,8.34,5.01,6.23,5.67,5.44,4.5,1.63,6.01,4.75,Industrial Designer
6.01,7.34,4.01,5.23,4.67,4.74,3.81,1.54,5.21,4.05,Industrial Designer
6,7.35,4,5.22,4.68,4.73,3.8,1.53,5.2,4.04,Industrial Designer
6.01,7.33,4,5.22,4.66,4.75,3.82,1.53,5.2,4.06,Industrial Designer
6.01,7.34,4.01,5.23,4.67,4.74,3.81,1.54,5.21,4.05,Industrial Designer
6,7.33,4,5.22,4.66,4.73,3.8,1.53,5.2,4.04,Industrial Designer
6.01,7.34,4.01,5.23,4.67,6.68,4.62,4.34,5.34,6.29,Industrial Designer
6,7.35,4,5.22,4.68,6.67,4.61,4.33,5.33,6.28,Industrial Designer
6.01,7.33,4,5.22,4.66,6.69,4.63,4.33,5.33,6.3,Industrial Designer
6.01,7.34,4.01,5.23,4.67,6.68,4.62,4.34,5.34,6.29,Industrial Designer
6,7.33,4,5.22,4.66,6.67,4.61,4.33,5.33,6.28,Industrial Designer
7.35,9.13,3.9,7.79,5.79,5.86,4.46,1.92,6.41,6.23,IT Support Specialist
7.34,9.14,3.89,7.78,5.8,5.85,4.45,1.91,6.4,6.22,IT Support Specialist
7.35,9.12,3.89,7.78,5.78,5.89,4.47,1.91,6.4,6.21,IT Support Specialist
7.35,9.13,3.9,7.79,5.79,5.86,4.46,1.92,6.41,6.23,IT Support Specialist
7.34,9.12,3.89,7.78,5.78,5.85,4.45,1.91,6.4,6.22,IT Support Specialist
6.34,8.12,2.89,6.78,4.78,5.15,3.75,1.81,5.61,4.53,IT Support Specialist
6.33,8.13,2.88,6.77,4.79,5.14,3.74,1.8,5.6,4.52,IT Support Specialist
6.34,8.11,2.88,6.77,4.77,5.16,3.76,1.8,5.6,4.54,IT Support Specialist
6.34,8.12,2.89,6.78,4.78,5.15,3.75,1.81,5.61,4.53,IT Support Specialist
6.33,8.11,2.88,6.77,4.77,5.14,3.74,1.8,5.6,4.52,IT Support Specialist
6.34,8.12,2.89,6.78,4.78,7.23,4.84,3.84,5.56,7.45,IT Support Specialist
6.33,8.13,2.88,6.77,4.79,7.22,4.83,3.83,5.55,7.44,IT Support Specialist
6.34,8.11,2.88,6.77,4.77,7.24,4.89,3.83,5.55,7.46,IT Support Specialist
6.34,8.12,2.89,6.78,4.78,7.23,4.84,3.84,5.56,7.45,IT Support Specialist
6.33,8.11,2.88,6.77,4.77,7.22,4.83,3.83,5.55,7.44,IT Support Specialist
9.79,8.35,6.24,7.46,7.02,6.28,6.14,1.23,7.4,6.39,Journalist
9.78,8.36,6.23,7.45,7.03,6.27,6.13,1.22,7.39,6.38,Journalist
9.79,8.34,6.23,7.45,7.01,6.29,6.15,1.22,7.39,6.4,Journalist
9.79,8.35,6.24,7.46,7.02,6.28,6.14,1.23,7.4,6.39,Journalist
9.78,8.34,6.23,7.45,7.01,6.27,6.13,1.22,7.39,6.38,Journalist
8.78,7.34,5.23,6.45,6.01,5.57,5.44,1.13,6.59,5.68,Journalist
8.77,7.35,5.22,6.44,6.02,5.56,5.43,1.12,6.58,5.67,Journalist
8.78,7.33,5.22,6.44,6,5.58,5.45,1.12,6.58,5.69,Journalist
8.78,7.34,5.23,6.45,6.01,5.57,5.44,1.13,6.59,5.68,Journalist
8.77,7.33,5.22,6.44,6,5.56,5.43,1.12,6.58,5.67,Journalist
8.78,7.34,5.23,6.45,6.01,8.06,5.84,5.62,7.4,6.9,Journalist
8.77,7.35,5.22,6.44,6.02,8.05,5.83,5.61,7.39,6.89,Journalist
8.78,7.33,5.22,6.44,6,8.07,5.85,5.61,7.39,6.91,Journalist
8.78,7.34,5.23,6.45,6.01,8.06,5.84,5.62,7.4,6.9,Journalist
8.77,7.33,5.22,6.44,6,8.05,5.83,5.61,7.39,6.89,Journalist
9.46,8.9,6.68,8.13,7.46,6.4,6.07,1.32,7.4,6.36,Lawyer
9.45,8.91,6.67,8.12,7.47,6.39,6.06,1.31,7.39,6.35,Lawyer
9.46,8.79,6.67,8.12,7.45,6.41,6.08,1.31,7.39,6.37,Lawyer
9.46,8.9,6.68,8.13,7.46,6.4,6.07,1.32,7.4,6.36,Lawyer
9.45,8.79,6.67,8.12,7.45,6.39,6.06,1.31,7.39,6.35,Lawyer
8.45,7.89,5.67,7.12,6.45,5.69,5.36,1.22,6.59,5.65,Lawyer
8.44,7.9,5.66,7.11,6.46,5.68,5.35,1.21,6.58,5.64,Lawyer
8.45,7.88,5.66,7.11,6.44,5.7,5.37,1.21,6.58,5.66,Lawyer
8.45,7.89,5.67,7.12,6.45,5.69,5.36,1.22,6.59,5.65,Lawyer
8.44,7.88,5.66,7.11,6.44,5.68,5.35,1.21,6.58,5.64,Lawyer
8.45,7.89,5.67,7.12,6.45,8.17,6.4,6.06,7.45,7.51,Lawyer
8.44,7.9,5.66,7.11,6.46,8.16,6.39,6.05,7.44,7.5,Lawyer
8.45,7.88,5.66,7.11,6.44,8.18,6.41,6.05,7.44,7.52,Lawyer
8.45,7.89,5.67,7.12,6.45,8.17,6.4,6.06,7.45,7.51,Lawyer
8.44,7.88,5.66,7.11,6.44,8.16,6.39,6.05,7.44,7.5,Lawyer
9.46,8.79,6.68,8.35,7.46,6.35,6.07,1.28,7.37,6.4,Market Research Analyst
9.45,8.8,6.67,8.34,7.47,6.34,6.06,1.27,7.36,6.39,Market Research Analyst
9.46,8.78,6.67,8.34,7.45,6.36,6.08,1.27,7.36,6.5,Market Research Analyst
9.46,8.79,6.68,8.35,7.46,6.35,6.07,1.28,7.37,6.4,Market Research Analyst
9.45,8.78,6.67,8.34,7.45,6.34,6.06,1.27,7.36,6.39,Market Research Analyst
8.45,7.78,5.67,7.34,6.45,5.65,5.36,1.18,6.56,5.69,Market Research Analyst
8.44,7.79,5.66,7.33,6.46,5.64,5.35,1.17,6.55,5.68,Market Research Analyst
8.45,7.77,5.66,7.33,6.44,5.66,5.37,1.17,6.55,5.7,Market Research Analyst
8.45,7.78,5.67,7.34,6.45,5.65,5.36,1.18,6.56,5.69,Market Research Analyst
8.44,7.77,5.66,7.33,6.44,5.64,5.35,1.17,6.55,5.68,Market Research Analyst
8.45,7.78,5.67,7.34,6.45,8.12,6.51,6.06,7.45,7.56,Market Research Analyst
8.44,7.79,5.66,7.33,6.46,8.11,6.5,6.05,7.44,7.55,Market Research Analyst
8.45,7.77,5.66,7.33,6.44,8.13,6.52,6.05,7.44,7.57,Market Research Analyst
8.45,7.78,5.67,7.34,6.45,8.12,6.51,6.06,7.45,7.56,Market Research Analyst
8.44,7.77,5.66,7.33,6.44,8.11,6.5,6.05,7.44,7.55,Market Research Analyst
7.46,8.24,9.13,8.46,6.79,5.53,5.56,1.26,6.2,5.42,Market Research Analyst
7.45,8.25,9.12,8.45,6.8,5.52,5.55,1.25,6.19,5.41,Market Research Analyst
7.46,8.23,9.12,8.45,6.78,5.54,5.57,1.25,6.19,5.43,Market Research Analyst
7.46,8.24,9.13,8.46,6.79,5.53,5.56,1.26,6.2,5.42,Market Research Analyst
7.45,8.23,9.12,8.45,6.78,5.52,5.55,1.25,6.19,5.41,Market Research Analyst
6.45,7.23,8.12,7.45,5.78,4.83,4.85,1.16,5.39,4.72,Market Research Analyst
6.44,7.24,8.11,7.44,5.79,4.82,4.84,1.15,5.38,4.71,Market Research Analyst
6.45,7.22,8.11,7.44,5.77,4.84,4.86,1.15,5.38,4.73,Market Research Analyst
6.45,7.23,8.12,7.45,5.78,4.83,4.85,1.16,5.39,4.72,Market Research Analyst
6.44,7.22,8.11,7.44,5.77,4.82,4.84,1.15,5.38,4.71,Market Research Analyst
6.45,7.23,8.12,7.45,5.78,6.84,7.79,6.95,6.12,7.34,Market Research Analyst
6.44,7.24,8.11,7.44,5.79,6.83,7.78,6.94,6.11,7.33,Market Research Analyst
6.45,7.22,8.11,7.44,5.77,6.85,7.8,6.94,6.11,7.35,Market Research Analyst
6.45,7.23,8.12,7.45,5.78,6.84,7.79,6.95,6.12,7.34,Market Research Analyst
6.44,7.22,8.11,7.44,5.77,6.83,7.78,6.94,6.11,7.33,Market Research Analyst
8.23,5.46,9.46,7.46,8.13,4.65,6.01,0.26,5.75,5.61,Musician
8.22,5.47,9.45,7.45,8.14,4.64,6,0.25,5.74,5.6,Musician
8.23,5.45,9.45,7.45,8.12,4.66,6.02,0.25,5.74,5.62,Musician
8.23,5.46,9.46,7.46,8.13,4.65,6.01,0.26,5.75,5.61,Musician
8.22,5.45,9.45,7.45,8.12,4.64,6,0.25,5.74,5.6,Musician
9.34,4.45,8.45,6.45,7.12,4.58,6.36,0.36,6.01,5.96,Musician
9.33,4.46,8.44,6.44,7.13,4.57,6.35,0.35,6,5.95,Musician
9.34,4.44,8.44,6.44,7.11,4.59,6.37,0.35,6,5.97,Musician
9.34,4.45,8.45,6.45,7.12,4.58,6.36,0.36,6.01,5.96,Musician
9.33,4.44,8.44,6.44,7.11,4.57,6.35,0.35,6,5.95,Musician
9.34,4.45,8.45,6.45,7.12,6.9,7.45,7.79,8.23,5.45,Musician
9.33,4.46,8.44,6.44,7.13,6.8,7.44,7.78,8.22,5.44,Musician
9.34,4.44,8.44,6.44,7.11,6.91,7.46,7.78,8.22,5.46,Musician
9.34,4.45,8.45,6.45,7.12,6.9,7.45,7.79,8.23,5.45,Musician
9.33,4.44,8.44,6.44,7.11,6.8,7.44,7.78,8.22,5.44,Musician
7.22,8.99,6.44,6.34,7.66,5.76,4.9,1.3,6.31,4.88,Pediatric Doctor
7.21,9,6.43,6.33,7.67,5.75,4.89,1.29,6.3,4.87,Pediatric Doctor
7.22,8.98,6.43,6.33,7.65,5.77,4.91,1.29,6.3,4.89,Pediatric Doctor
7.22,8.99,6.44,6.34,7.66,5.76,4.9,1.3,6.31,4.88,Pediatric Doctor
7.21,8.98,6.43,6.33,7.65,5.75,4.89,1.29,6.3,4.87,Pediatric Doctor
6.21,7.98,5.43,9.54,6.65,5.06,4.19,1.2,5.5,5.01,Pediatric Doctor
6.2,7.99,5.42,9.53,6.66,5.05,4.18,1.19,5.49,5,Pediatric Doctor
6.21,7.97,5.42,9.53,6.64,5.07,4.2,1.19,5.49,5.02,Pediatric Doctor
6.21,7.98,5.43,9.54,6.65,5.06,4.19,1.2,5.5,5.01,Pediatric Doctor
6.2,7.97,5.42,9.53,6.64,5.05,4.18,1.19,5.49,5,Pediatric Doctor
6.21,7.98,5.43,9.54,6.65,7.1,7.49,6.04,6.43,8.76,Pediatric Doctor
6.2,7.99,5.42,9.53,6.66,7.09,7.48,6.03,6.42,8.75,Pediatric Doctor
6.21,7.97,5.42,9.53,6.64,7.11,7.5,6.03,6.42,8.77,Pediatric Doctor
6.21,7.98,5.43,9.54,6.65,7.1,7.49,6.04,6.43,8.76,Pediatric Doctor
6.2,7.97,5.42,9.53,6.64,7.09,7.48,6.03,6.42,8.75,Pediatric Doctor
8.13,6.8,5.24,7.79,5.57,5.16,5.11,1.05,6.11,5.62,Pharmacist
8.12,6.81,5.23,7.78,5.58,5.15,5.1,1.04,6.1,5.61,Pharmacist
8.13,6.79,5.23,7.78,5.56,5.17,5.12,1.04,6.1,5.63,Pharmacist
8.13,6.8,5.24,7.79,5.57,5.16,5.11,1.05,6.11,5.62,Pharmacist
8.12,6.79,5.23,7.78,5.56,5.15,5.1,1.04,6.1,5.61,Pharmacist
7.12,9.45,4.23,6.78,4.56,5.92,4.41,2.41,6.4,4.92,Pharmacist
7.11,9.46,4.22,6.77,4.57,5.91,4.4,2.4,6.39,4.91,Pharmacist
7.12,9.44,4.22,6.77,4.55,5.93,4.42,2.4,6.39,4.93,Pharmacist
7.12,9.45,4.23,6.78,4.56,5.92,4.41,2.41,6.4,4.92,Pharmacist
7.11,9.44,4.22,6.77,4.55,5.91,4.4,2.4,6.39,4.91,Pharmacist
7.12,9.45,4.23,6.78,4.56,8.29,5.51,4.4,5.84,8.12,Pharmacist
7.11,9.46,4.22,6.77,4.57,8.28,5.5,4.39,5.83,8.11,Pharmacist
7.12,9.44,4.22,6.77,4.55,8.3,5.52,4.39,5.83,8.13,Pharmacist
7.12,9.45,4.23,6.78,4.56,8.29,5.51,4.4,5.84,8.12,Pharmacist
7.11,9.44,4.22,6.77,4.55,8.28,5.5,4.39,5.83,8.11,Pharmacist
8.9,8.6,6.02,8.46,7.35,6.11,5.65,1.24,7.03,6.14,Physician
8.89,8.7,6.01,8.45,7.36,6.1,5.64,1.23,7.02,6.13,Physician
8.9,8.59,6.01,8.45,7.34,6.12,5.66,1.23,7.02,6.15,Physician
8.9,8.6,6.02,8.46,7.35,6.11,5.65,1.24,7.03,6.14,Physician
8.89,8.59,6.01,8.45,7.34,6.1,5.64,1.23,7.02,6.13,Physician
7.89,9.23,5.01,7.45,6.34,6.06,4.95,1.79,6.71,5.44,Physician
7.88,9.24,5,7.44,6.35,6.05,4.94,1.78,6.7,5.43,Physician
7.89,9.22,5,7.44,6.33,6.07,4.96,1.78,6.7,5.45,Physician
7.89,9.23,5.01,7.45,6.34,6.06,4.95,1.79,6.71,5.44,Physician
7.88,9.22,5,7.44,6.33,6.05,4.94,1.78,6.7,5.43,Physician
7.89,9.23,5.01,7.45,6.34,8.56,6.23,5.68,7.12,8.34,Physician
7.88,9.24,5,7.44,6.35,8.55,6.22,5.67,7.11,8.33,Physician
7.89,9.22,5,7.44,6.33,8.57,6.24,5.67,7.11,8.35,Physician
7.89,9.23,5.01,7.45,6.34,8.56,6.23,5.68,7.12,8.34,Physician
7.88,9.22,5,7.44,6.33,8.55,6.22,5.67,7.11,8.33,Physician
6.68,9.79,8.13,7.46,7.02,5.92,4.97,1.81,6.28,4.83,Police Detective
6.67,9.8,8.12,7.45,7.03,5.91,4.96,1.8,6.27,4.82,Police Detective
6.68,9.78,8.12,7.45,7.01,5.93,4.98,1.8,6.27,4.84,Police Detective
6.68,9.79,8.13,7.46,7.02,5.92,4.97,1.81,6.28,4.83,Police Detective
6.67,9.78,8.12,7.45,7.01,5.91,4.96,1.8,6.27,4.82,Police Detective
5.67,8.78,7.12,6.45,6.01,7.23,6.79,6.57,5.84,7.62,Police Detective
5.66,8.79,7.11,6.44,6.02,7.22,6.78,6.56,5.83,7.61,Police Detective
5.67,8.77,7.11,6.44,6,7.24,6.8,6.56,5.83,7.63,Police Detective
5.67,8.78,7.12,6.45,6.01,7.23,6.79,6.57,5.84,7.62,Police Detective
5.66,8.77,7.11,6.44,6,7.22,6.78,6.56,5.83,7.61,Police Detective
5.67,8.78,7.12,6.45,6.01,5.21,4.25,1.71,5.47,7.63,Police Detective
5.66,8.79,7.11,6.44,6.02,5.2,4.25,1.7,5.82,7.6,Police Detective
5.67,8.77,7.11,6.44,6,5.22,4.27,1.7,5.82,7.61,Police Detective
5.67,8.78,7.12,6.45,6.01,5.21,4.26,1.71,5.47,4.13,Police Detective
5.66,8.77,7.11,6.44,6,5.2,4.25,1.7,5.82,7.6,Police Detective
9.79,8.46,6.35,9.46,7.02,6.32,6.17,1.28,7.43,6.79,Psychologist
9.78,8.47,6.34,9.45,7.03,6.31,6.16,1.27,7.42,6.78,Psychologist
9.79,8.45,6.34,9.45,7.01,6.33,6.18,1.27,7.42,6.8,Psychologist
9.79,8.46,6.35,9.46,7.02,6.32,6.17,1.28,7.43,6.79,Psychologist
9.78,8.45,6.34,9.45,7.01,6.31,6.16,1.27,7.42,6.78,Psychologist
8.78,7.45,5.34,8.45,6.01,5.61,5.46,1.18,6.63,6.08,Psychologist
8.77,7.46,5.33,8.44,6.02,5.6,5.45,1.17,6.62,6.07,Psychologist
8.78,7.44,5.33,8.44,6,5.62,5.47,1.17,6.62,6.09,Psychologist
8.78,7.45,5.34,8.45,6.01,5.61,5.46,1.18,6.63,6.08,Psychologist
8.77,7.44,5.33,8.44,6,5.6,5.45,1.17,6.62,6.07,Psychologist
8.78,7.45,5.34,8.45,6.01,8.12,6.9,5.68,7.4,7.95,Psychologist
8.77,7.46,5.33,8.44,6.02,8.11,6.89,5.67,7.39,7.94,Psychologist
8.78,7.44,5.33,8.44,6,8.13,6.91,5.67,7.39,7.96,Psychologist
8.78,7.45,5.34,8.45,6.01,8.12,6.9,5.68,7.4,7.95,Psychologist
8.77,7.44,5.33,8.44,6,8.11,6.89,5.67,7.39,7.94,Psychologist
7.13,8.02,9.68,8.9,6.35,5.35,5.5,1.3,5.97,5.35,Real Estate Agent
7.12,8.03,9.67,8.89,6.36,5.34,5.49,1.29,5.96,5.34,Real Estate Agent
7.13,8.19,9.67,8.89,6.34,5.36,5.51,1.29,5.96,5.36,Real Estate Agent
7.13,8.02,9.68,8.9,6.35,5.35,5.5,1.3,5.97,5.35,Real Estate Agent
7.12,8.19,9.67,8.89,6.34,5.34,5.49,1.29,5.96,5.34,Real Estate Agent
6.12,7.01,8.67,7.89,5.34,4.64,4.79,1.2,5.16,4.64,Real Estate Agent
6.11,7.02,8.66,7.88,5.36,4.63,4.78,1.19,5.15,4.63,Real Estate Agent
6.12,7,8.66,7.88,5.33,4.65,4.8,1.19,5.15,4.65,Real Estate Agent
6.12,7.01,8.67,7.89,5.34,4.64,4.79,1.2,5.16,4.64,Real Estate Agent
6.11,7,8.66,7.88,5.33,4.63,4.78,1.19,5.15,4.63,Real Estate Agent
6.12,7.01,8.67,7.89,5.34,6.57,8.28,7.01,5.73,7.45,Real Estate Agent
6.11,7.02,8.66,7.88,5.35,6.56,8.27,7,5.72,7.44,Real Estate Agent
6.12,7,8.66,7.88,5.33,6.58,8.29,7,5.72,7.46,Real Estate Agent
6.12,7.01,8.67,7.89,5.34,6.57,8.28,7.01,5.73,7.45,Real Estate Agent
6.11,7,8.66,7.88,5.33,6.56,8.27,7,5.72,7.44,Real Estate Agent
8.78,7.89,5.67,6.01,4.67,8.34,5.84,5.17,6.73,6.95,Software Developer
8.77,7.9,5.66,6,4.68,8.33,5.83,5.16,6.72,6.94,Software Developer
8.78,7.88,5.66,6,4.66,8.35,5.85,5.16,6.72,6.96,Software Developer
8.78,7.89,5.67,6.01,4.67,8.34,5.84,5.17,6.73,6.95,Software Developer
8.77,7.88,5.66,6,4.66,8.33,5.83,5.16,6.72,6.94,Software Developer
8.78,7.89,5.67,6.01,4.67,5.79,5.52,1.76,6.76,5.59,Software Developer
8.77,7.9,5.66,6,4.68,5.78,5.51,1.75,6.75,5.58,Software Developer
8.78,7.88,5.66,6,4.66,5.8,5.53,1.75,6.75,5.6,Software Developer
8.78,7.89,5.67,6.01,4.67,5.79,5.52,1.76,6.76,5.59,Software Developer
8.77,7.88,5.66,6,4.66,5.78,5.51,1.75,6.75,5.58,Software Developer
9.79,8.9,6.68,7.02,5.68,6.5,6.23,1.86,7.57,6.3,Software Developer
9.78,8.91,6.67,7.01,5.69,6.4,6.22,1.85,7.56,6.29,Software Developer
9.79,8.89,6.67,7.01,5.67,6.51,6.24,1.85,7.56,6.4,Software Developer
9.79,8.9,6.68,7.02,5.68,6.5,6.23,1.86,7.57,6.3,Software Developer
9.78,8.89,6.67,7.01,5.67,6.4,6.22,1.85,7.56,6.29,Software Developer
6.78,8.45,5.12,6.01,4.56,7.62,5.57,4.84,5.67,7.23,Software Quality Assurance Tester
6.77,8.46,5.11,6,4.57,7.61,5.56,4.83,5.66,7.22,Software Quality Assurance Tester
6.78,8.44,5.11,6,4.55,7.63,5.58,4.83,5.66,7.24,Software Quality Assurance Tester
6.78,8.45,5.12,6.01,4.56,7.62,5.57,4.84,5.67,7.23,Software Quality Assurance Tester
6.77,8.44,5.11,6,4.55,7.61,5.56,4.83,5.66,7.22,Software Quality Assurance Tester
6.78,8.45,5.12,6.01,4.56,5.41,4.41,2.01,5.93,4.59,Software Quality Assurance Tester
6.77,8.46,5.11,6,4.57,5.4,4.4,2,5.92,4.58,Software Quality Assurance Tester
6.78,8.44,5.11,6,4.55,5.42,4.42,2,5.92,4.6,Software Quality Assurance Tester
6.78,8.45,5.12,6.01,4.56,5.41,4.41,2.01,5.93,4.59,Software Quality Assurance Tester
6.77,8.44,5.11,6,4.55,5.4,4.4,2,5.92,4.58,Software Quality Assurance Tester
7.79,9.46,6.13,7.02,5.57,6.12,5.12,2.11,6.73,5.3,Software Quality Assurance Tester
7.78,9.47,6.12,7.01,5.58,6.11,5.11,2.1,6.72,5.2,Software Quality Assurance Tester
7.79,9.45,6.12,7.01,5.56,6.13,5.13,2.1,6.72,5.4,Software Quality Assurance Tester
7.79,9.46,6.13,7.02,5.57,6.12,5.12,2.11,6.73,5.3,Software Quality Assurance Tester
7.78,9.45,6.12,7.01,5.56,6.11,5.11,2.1,6.72,5.2,Software Quality Assurance Tester
9.13,9.68,5.68,6.24,5.12,6.61,5.7,2.34,7.47,5.81,Sustainability Consultant
9.12,9.69,5.67,6.23,5.13,6.6,5.6,2.33,7.46,5.8,Sustainability Consultant
9.13,9.67,5.67,6.23,5.11,6.62,5.71,2.33,7.46,5.82,Sustainability Consultant
9.13,9.68,5.68,6.24,5.12,6.61,5.7,2.34,7.47,5.81,Sustainability Consultant
9.12,9.67,5.67,6.23,5.11,6.6,5.6,2.33,7.46,5.8,Sustainability Consultant
8.12,8.67,4.67,5.23,4.11,5.9,4.99,2.24,6.66,5.11,Sustainability Consultant
8.11,8.68,4.65,5.22,4.12,5.8,4.98,2.23,6.65,5.1,Sustainability Consultant
8.12,8.66,4.65,5.22,4.1,5.91,5,2.23,6.65,5.12,Sustainability Consultant
8.12,8.67,4.67,5.23,4.11,5.9,4.99,2.24,6.66,5.11,Sustainability Consultant
8.11,8.66,4.65,5.22,4.1,5.8,4.98,2.23,6.65,5.1,Sustainability Consultant
8.12,8.67,4.67,5.23,4.11,8.4,4.95,4.39,6.12,6.95,Sustainability Consultant
8.11,8.68,4.65,5.22,4.12,8.3,4.94,4.38,6.11,6.94,Sustainability Consultant
8.12,8.65,4.65,5.22,4.1,8.41,4.96,4.38,6.11,6.96,Sustainability Consultant
8.12,8.67,4.67,5.23,4.11,8.4,4.95,4.39,6.12,6.95,Sustainability Consultant
8.11,8.65,4.65,5.22,4.1,8.3,4.94,4.38,6.11,6.94,Sustainability Consultant
6.45,7.56,5.67,9.12,4.23,4.96,4.36,1.76,5.49,5.05,Teacher
6.44,7.57,5.66,9.11,4.24,4.95,4.35,1.75,5.48,5.04,Teacher
6.45,7.55,5.66,9.11,4.22,4.97,4.37,1.75,5.48,5.06,Teacher
6.45,7.56,5.67,9.12,4.23,4.96,4.36,1.76,5.49,5.05,Teacher
6.44,7.55,5.66,9.11,4.22,4.95,4.35,1.75,5.48,5.04,Teacher
